"Authors","Author full names","Author(s) ID","Title","Year","Source title","Volume","Issue","Art. No.","Page start","Page end","Page count","Link","Index Keywords"
"Owodunni O.P.; Uzoukwu C.; Courville E.N.; Schmidt M.H.; Bowers C.A.","Owodunni, Oluwafemi P. (57194788571); Uzoukwu, Cynthia (58451447400); Courville, Evan N. (57216651058); Schmidt, Meic H. (7404397580); Bowers, Christian A. (36454559100)","57194788571; 58451447400; 57216651058; 7404397580; 36454559100","The Fine Line Between Simplicity anOversimplification: Comparing the Risk Analysis Index and 5-Factor Modified Frailty Index as Frailty Assessment Tools","2023","Neurospine","20","2","","728","730","2","https://www.scopus.com/inward/record.uri?eid=2-s2.0-85163981531&doi=10.14245%2fns.2346496.248&partnerID=40&md5=d68eaa1a1f40d6154a92780e6d579d28","frailty; Letter; mortality; risk assessment"
"Bargagli-Stoffi F.J.; Niederreiter J.; Riccaboni M.","Bargagli-Stoffi, Falco J. (57207772321); Niederreiter, Jan (57219613945); Riccaboni, Massimo (6603650921)","57207772321; 57219613945; 6603650921","Supervised learning for the prediction of firm dynamics","2021","Data Science for Economics and Finance: Methodologies and Applications","","","","19","41","22","https://www.scopus.com/inward/record.uri?eid=2-s2.0-85115163353&doi=10.1007%2f978-3-030-66891-4_2&partnerID=40&md5=7047fe3361b01def4a9504e77f8a5b51",""
"Zhang T.; Vaccaro M., Jr.; Zaghi A.E.","Zhang, Tao (57304689500); Vaccaro, Michael (58143298700); Zaghi, Arash E. (36553563800)","57304689500; 58143298700; 36553563800","Application of neural networks to the prediction of the compressive capacity of corroded steel plates","2023","Frontiers in Built Environment","9","","1156760","","","","https://www.scopus.com/inward/record.uri?eid=2-s2.0-85150185768&doi=10.3389%2ffbuil.2023.1156760&partnerID=40&md5=591ad5a9c4c54df046b96a81925103b2",""
"Liefgreen A.; Pilditch T.; Lagnado D.","Liefgreen, Alice (57207206880); Pilditch, Toby (56110120100); Lagnado, David (6507379819)","57207206880; 56110120100; 6507379819","Strategies for selecting and evaluating information","2020","Cognitive Psychology","123","","101332","","","","https://www.scopus.com/inward/record.uri?eid=2-s2.0-85091358355&doi=10.1016%2fj.cogpsych.2020.101332&partnerID=40&md5=0084b966ad4ba83b2a9ffc8a59d1cd13","Adult; Bayes Theorem; Female; Humans; Information Management; Information Seeking Behavior; Male; Middle Aged; Psychological Theory; Research Design; Young Adult; adult; Bayes theorem; female; human; information seeking; information system; male; methodology; middle aged; psychological theory; young adult"
"Fitousi D.","Fitousi, Daniel (14029708800)","14029708800","Quantifying Entropy in Response Times (RT) Distributions Using the Cumulative Residual Entropy (CRE) Function","2023","Entropy","25","8","1239","","","","https://www.scopus.com/inward/record.uri?eid=2-s2.0-85168912816&doi=10.3390%2fe25081239&partnerID=40&md5=beba2c2882f67252473646a694b15f69",""
"Nelson J.D.; Rosenauer C.; Crupi V.; Tentori K.; Meder B.","Nelson, Jonathan D. (55169673400); Rosenauer, Christine (57713304700); Crupi, Vincenzo (7005909406); Tentori, Katya (6505965129); Meder, Björn (24765094800)","55169673400; 57713304700; 7005909406; 6505965129; 24765094800","The Likelihood Difference Heuristic and Binary Test Selection Given Situation-Specific Utilities","2022","Decision","9","3","","285","319","34","https://www.scopus.com/inward/record.uri?eid=2-s2.0-85130830860&doi=10.1037%2fdec0000160&partnerID=40&md5=ee357dab95e8cd8838dee35822402143",""
"Sasson G.; Kenett Y.N.","Sasson, Gal (58161588800); Kenett, Yoed N. (48361289600)","58161588800; 48361289600","A Mirror to Human Question Asking: Analyzing the Akinator Online Question Game","2023","Big Data and Cognitive Computing","7","1","26","","","","https://www.scopus.com/inward/record.uri?eid=2-s2.0-85151072250&doi=10.3390%2fbdcc7010026&partnerID=40&md5=50e5143c1456e51f5ec368374a8f5716","Akinator; BERT; Cognitive mechanisms; Data-driven analysis; Gamification; Human communications; LDA; Question-asking; Text analysis; Topic Modeling; Testbeds"
"Aksom H.; Firsova S.","Aksom, Herman (57204067221); Firsova, Svitlana (57200146012)","57204067221; 57200146012","Structural Correspondence Between Organizational Theories","2021","Philosophy of Management","20","3","","307","336","29","https://www.scopus.com/inward/record.uri?eid=2-s2.0-85099799541&doi=10.1007%2fs40926-021-00163-3&partnerID=40&md5=223d505238b5fe6b490b2d9aff0abe53",""
"Boge F.J.","Boge, Florian J. (57203885650)","57203885650","Incompatibility and the pessimistic induction: a challenge for selective realism","2021","European Journal for Philosophy of Science","11","2","46","","","","https://www.scopus.com/inward/record.uri?eid=2-s2.0-85105293734&doi=10.1007%2fs13194-021-00367-4&partnerID=40&md5=42239bcd9b0af4648e9807fe13560b36",""
"Dutta S.; Furuichi S.; Guha P.","Dutta, Supriyo (57102545100); Furuichi, Shigeru (56216948200); Guha, Partha (56227781000)","57102545100; 56216948200; 56227781000","A two-parameter entropy and its fundamental properties","2021","Reviews in Mathematical Physics","33","4","2130003","","","","https://www.scopus.com/inward/record.uri?eid=2-s2.0-85097869954&doi=10.1142%2fS0129055X2130003X&partnerID=40&md5=c0535c5788589ada65ea3b95ea744851",""
"Rubin M.","Rubin, Mark (35346290800)","35346290800","The Costs of HARKing","2022","British Journal for the Philosophy of Science","73","2","","535","560","25","https://www.scopus.com/inward/record.uri?eid=2-s2.0-85130342003&doi=10.1093%2fbjps%2faxz050&partnerID=40&md5=2f5d31a85c41e3b297118e29ddff1477",""
"Saha S.; Chattopadhyay S.","Saha, Sanghati (57216392994); Chattopadhyay, Surajit (35475366000)","57216392994; 35475366000","Realization of Bounce in a Modified Gravity Framework and Information Theoretic Approach to the Bouncing Point","2023","Universe","9","3","136","","","","https://www.scopus.com/inward/record.uri?eid=2-s2.0-85150939275&doi=10.3390%2funiverse9030136&partnerID=40&md5=c0e42355631d848b552e466c8d42e968",""
"Barack D.L.; Bakkour A.; Shohamy D.; Salzman C.D.","Barack, David L. (47460911600); Bakkour, Akram (57203189040); Shohamy, Daphna (57207609358); Salzman, C. Daniel (57207550364)","47460911600; 57203189040; 57207609358; 57207550364","Visuospatial information foraging describes search behavior in learning latent environmental features","2023","Scientific Reports","13","1","1126","","","","https://www.scopus.com/inward/record.uri?eid=2-s2.0-85146590286&doi=10.1038%2fs41598-023-27662-9&partnerID=40&md5=8b70f3f74b548a32a1a00edad1aeda0b","Choice Behavior; Feeding Behavior; Humans; Learning; Reward; article; foraging behavior; Haplorhini; human; learning; nonhuman; reward; decision making; feeding behavior"
"Oh M.; Weaver D.F.","Oh, Myongin (58617113400); Weaver, Donald F. (7403128832)","58617113400; 7403128832","Alzheimer’s disease as a fundamental disease of information processing systems: An information theory perspective","2023","Frontiers in Neuroscience","17","","1106623","","","","https://www.scopus.com/inward/record.uri?eid=2-s2.0-85148576720&doi=10.3389%2ffnins.2023.1106623&partnerID=40&md5=159248e6df96778765d3ed52510b0316","amyloid beta protein; cytokine; levetiracetam; neurotransmitter; pathogen associated molecular pattern; Alzheimer disease; brain depth stimulation; brain function; cognition; cognitive behavioral therapy; cognitive reserve; cognitive therapy; human; immune system; information; information processing; information science; nerve cell network; nervous system inflammation; neuropathology; neuroscience; noise pollution; nonhuman; Review; risk factor; synaptic transmission; thermodynamics; vagus nerve stimulation"
"Silva-Mendonça S.; Vitória A.R.D.S.; Lima T.W.D.; Galvão-Filho A.R.; Andrade C.H.","Silva-Mendonça, Sabrina (58592695600); Vitória, Arthur Ricardo de Sousa (58590026800); Lima, Telma Woerle de (19638364200); Galvão-Filho, Arlindo Rodrigues (54391049700); Andrade, Carolina Horta (24436635900)","58592695600; 58590026800; 19638364200; 54391049700; 24436635900","Exploring new horizons: Empowering computer-assisted drug design with few-shot learning","2023","Artificial Intelligence in the Life Sciences","4","","100086","","","","https://www.scopus.com/inward/record.uri?eid=2-s2.0-85171450803&doi=10.1016%2fj.ailsci.2023.100086&partnerID=40&md5=1fe4f8b6ed137ae6bdecab525ffeddf6","drug; accuracy; algorithm; analytical parameters; Article; bioethics; biological activity; biological model; computer aided design; conceptual framework; data quality; drug activity; drug design; drug development; drug efficacy; drug legislation; drug research; drug screening; drug targeting; feature learning (machine learning); few shot learning; learning; memory; neglected disease; personalized medicine; pharmacological parameters; practice guideline; prediction; quality control; rare disease"
"Fatollahi A.","Fatollahi, Alireza (58115039400)","58115039400","Akaike and the No Miracle Argument for Scientific Realism","2023","Canadian Journal of Philosophy","","","","","","","https://www.scopus.com/inward/record.uri?eid=2-s2.0-85167458511&doi=10.1017%2fcan.2023.21&partnerID=40&md5=2281af6c920587c08184e963ef66a4a1",""
"Dantas D.F.","Dantas, Danilo Fraga (57196479966)","57196479966","WHEN THE (BAYESIAN) IDEAL IS NOT IDEAL","2023","Logos and Episteme","14","3","","271","298","27","https://www.scopus.com/inward/record.uri?eid=2-s2.0-85176249019&doi=10.5840%2flogos-episteme202314322&partnerID=40&md5=230d115cf89aeaf0b5858239a061c155",""
"Bonzio S.; Cevolani G.; Flaminio T.","Bonzio, Stefano (56955630000); Cevolani, Gustavo (40460910700); Flaminio, Tommaso (8886511600)","56955630000; 40460910700; 8886511600","How to Believe Long Conjunctions of Beliefs: Probability, Quasi-Dogmatism and Contextualism","2023","Erkenntnis","88","3","","965","990","25","https://www.scopus.com/inward/record.uri?eid=2-s2.0-85105950533&doi=10.1007%2fs10670-021-00389-7&partnerID=40&md5=e629499072e0cfa4e8fe866ca9b94d84",""
"Belkoniene M.","Belkoniene, Miloud (57194785739)","57194785739","Why Explanatory Considerations Matter","2021","Erkenntnis","86","2","","473","491","18","https://www.scopus.com/inward/record.uri?eid=2-s2.0-85063025837&doi=10.1007%2fs10670-019-00114-5&partnerID=40&md5=ea82e7c9c6ba1fc2fb27e757956e7379",""
"Seeman J.I.; House M.C.","Seeman, Jeffrey I. (7004422003); House, Mark C. (36056517400)","7004422003; 36056517400","""for Its Size, the Most Complex Natural Product Known."" Who Deserves Credit for Determining the Structure of Strychnine?","2022","ACS Central Science","8","6","","672","681","9","https://www.scopus.com/inward/record.uri?eid=2-s2.0-85133653600&doi=10.1021%2facscentsci.1c01348&partnerID=40&md5=beadd62e5e3b211ac0c733bf3b0d7654","Behavioral research; Correct solution; Credit allocations; Institutional review boards; Life scientists; Natural products; Responsible conducts; Roberts; Robinson; Social scientists; Woodward; Surveys"
"Shan Y.","Shan, Yafeng (58697651500)","58697651500","Introduction: Philosophical Analyses of Scientific Progress","2022","New Philosophical Perspectives on Scientific Progress","","","","1","9","8","https://www.scopus.com/inward/record.uri?eid=2-s2.0-85143930726&doi=10.4324%2f9781003165859-1&partnerID=40&md5=04efc089927c0fdfd94d92536121dc34",""
"Atalay A.S.; Kihal S.E.; Ellsaesser F.","Atalay, A. Selin (24174442100); Kihal, Siham El (56316423200); Ellsaesser, Florian (37039226200)","24174442100; 56316423200; 37039226200","Creating Effective Marketing Messages Through Moderately Surprising Syntax","2023","Journal of Marketing","87","5","","755","775","20","https://www.scopus.com/inward/record.uri?eid=2-s2.0-85165586760&doi=10.1177%2f00222429231153582&partnerID=40&md5=d4911291f8105e2f041662a87cb7d445",""
"Jach H.K.; DeYoung C.G.; Smillie L.D.","Jach, Hayley K. (57192990490); DeYoung, Colin G. (6602855589); Smillie, Luke D. (11639621300)","57192990490; 6602855589; 11639621300","Why Do People Seek Information? The Role of Personality Traits and Situation Perception","2021","Journal of Experimental Psychology: General","151","4","","934","959","25","https://www.scopus.com/inward/record.uri?eid=2-s2.0-85121239024&doi=10.1037%2fxge0001109&partnerID=40&md5=1f5dd84820fa8b0724d1ee0ce1957fc5",""
"Crupi V.; Calzavarini F.","Crupi, Vincenzo (7005909406); Calzavarini, Fabrizio (57193349547)","7005909406; 57193349547","Critique of pure Bayesian cognitive science: A view from the philosophy of science","2023","European Journal for Philosophy of Science","13","3","28","","","","https://www.scopus.com/inward/record.uri?eid=2-s2.0-85162253188&doi=10.1007%2fs13194-023-00533-w&partnerID=40&md5=31737fa8a302066be06d2b20243311b5",""
"Kuipers T.A.F.","Kuipers, Theo A. F. (16413282100)","16413282100","A coherent trio of, distance and size based, measures for nomic and actual truthlikeness","2023","Synthese","201","2","68","","","","https://www.scopus.com/inward/record.uri?eid=2-s2.0-85148471577&doi=10.1007%2fs11229-022-03977-4&partnerID=40&md5=bd6590928421682ead47452978af0b32",""
"Yang S.C.-H.; Folke T.; Shafto P.","Yang, Scott Cheng-Hsin (57215371216); Folke, Tomas (57118052400); Shafto, Patrick (6508237891)","57215371216; 57118052400; 6508237891","Abstraction, validation, and generalization for explainable artificial intelligence","2021","Applied AI Letters","2","4","e37","","","","https://www.scopus.com/inward/record.uri?eid=2-s2.0-85177753233&doi=10.1002%2fail2.37&partnerID=40&md5=e0c1be4952bb1f4cd1fe087be431135c",""
"Sharma A.; Tiwari A.D.; Kumari M.; Kumar N.; Saxena V.; Kumar R.","Sharma, Arun (57225854015); Tiwari, Akshat Dutt (57967678800); Kumari, Monika (57966815100); Kumar, Nishant (57102449000); Saxena, Vikas (57197369205); Kumar, Ritesh (57198684551)","57225854015; 57967678800; 57966815100; 57102449000; 57197369205; 57198684551","Artificial intelligence-based prediction of lycopene content in raw tomatoes using physicochemical attributes","2023","Phytochemical Analysis","34","7","","729","744","15","https://www.scopus.com/inward/record.uri?eid=2-s2.0-85141978958&doi=10.1002%2fpca.3185&partnerID=40&md5=e9c850541448d170341c8e09f53e8fd8","Artificial intelligence; Data acquisition; Diseases; Fruits; High performance liquid chromatography; Least squares approximations; Mean square error; Regression analysis; Statistical tests; flavonoid; lycopene; phenol derivative; Harvest quality; Linear multivariate regression; Lycopene content; Multivariate regression; Partial least square regression; Post-harvest quality; Postharvest; Principal component regression; Principal Components; Tomato fruits; acidity; antioxidant activity; Article; artificial intelligence; controlled study; cross validation; electric conductivity; fruit color; fruit firmness; fruit storage; pH; physical chemistry; raw food; salinity; tomato; Principal component analysis"
"Krzyziński M.; Spytek M.; Baniecki H.; Biecek P.","Krzyziński, Mateusz (57224667627); Spytek, Mikołaj (57868468700); Baniecki, Hubert (57219633880); Biecek, Przemysław (23003457600)","57224667627; 57868468700; 57219633880; 23003457600","SurvSHAP(t): Time-dependent explanations of machine learning survival models","2023","Knowledge-Based Systems","262","","110234","","","","https://www.scopus.com/inward/record.uri?eid=2-s2.0-85145965971&doi=10.1016%2fj.knosys.2022.110234&partnerID=40&md5=ba6a33f5c1505b67b6d6760a3b16c006","Deep learning; Diagnosis; Learning systems; Python; Cox proportional hazard model; Explainable AI; Interpretability; Machine-learning; Random survival forest; Survival analysis; Survival forests; Survival model; Time dependent; Time to events; Forecasting"
"Jackson E.","Jackson, Elizabeth (57202754665)","57202754665","On the independence of belief and credence","2022","Philosophical Issues","32","1","","9","31","22","https://www.scopus.com/inward/record.uri?eid=2-s2.0-85141519560&doi=10.1111%2fphis.12225&partnerID=40&md5=4a532df908b7027e4bdbdc61c13b2832",""
"García-Lapeña A.","García-Lapeña, Alfonso (57224725803)","57224725803","Truthlikeness for probabilistic laws","2021","Synthese","199","3-4","","9359","9389","30","https://www.scopus.com/inward/record.uri?eid=2-s2.0-85108204751&doi=10.1007%2fs11229-021-03206-4&partnerID=40&md5=ecb2ba8a9f193000cb88d4d30d15e671",""
"Özel E.; Nelson J.D.; Bertram L.; Martignon L.","Özel, Elif (57226080321); Nelson, Jonathan D. (55169673400); Bertram, Lara (57219459238); Martignon, Laura (6602495787)","57226080321; 55169673400; 57219459238; 6602495787","Playing Entropy Mastermind can Foster Children’s Information-Theoretical Intuitions","2021","Frontiers in Education","6","","595000","","","","https://www.scopus.com/inward/record.uri?eid=2-s2.0-85110285226&doi=10.3389%2ffeduc.2021.595000&partnerID=40&md5=03b386326a4376d98a5df5fda2c41dc8",""
"Hadadi A.; Imessaoudene A.; Bollinger J.-C.; Bouzaza A.; Amrane A.; Tahraoui H.; Mouni L.","Hadadi, Amina (57944448600); Imessaoudene, Ali (57865833900); Bollinger, Jean-Claude (35546414700); Bouzaza, Abdelkrim (6603287743); Amrane, Abdeltif (7003955640); Tahraoui, Hichem (57223027242); Mouni, Lotfi (35077272100)","57944448600; 57865833900; 35546414700; 6603287743; 7003955640; 57223027242; 35077272100","Aleppo pine seeds (Pinus halepensis Mill.) as a promising novel green coagulant for the removal of Congo red dye: Optimization via machine learning algorithm","2023","Journal of Environmental Management","331","","117286","","","","https://www.scopus.com/inward/record.uri?eid=2-s2.0-85146087140&doi=10.1016%2fj.jenvman.2023.117286&partnerID=40&md5=9e0363c68b217eba13ecbef0193e5541","Congo Red; Flocculation; Humans; Pinus; Seeds; Sewage; Sodium Chloride; Wastewater; Water Purification; congo red; ferric chloride; Pinus halepensis extract; plant extract; sodium chloride; unclassified drug; congo red; coagulation; coniferous tree; drinking water; dye; machine learning; optimization; pollutant removal; seed; wastewater treatment; Article; chemical composition; controlled study; flocculation; Fourier transform infrared spectroscopy; machine learning; nonhuman; pH; pine; Pinus halepensis; plant seed; sludge; support vector machine; temperature; waste water management; water treatment; chemistry; human; plant seed; procedures; sewage; wastewater; water management"
"Mondragón D.I.","Mondragón, Damián Islas (56798197100)","56798197100","The correspondence theory of truth and scientific confirmation; [La teoría correspondentista de la verdad y la confirmación científica]","2021","Sophia(Ecuador)","","31","","63","83","20","https://www.scopus.com/inward/record.uri?eid=2-s2.0-85121417093&doi=10.17163%2fsoph.n31.2021.02&partnerID=40&md5=7b4b3cfa720c1bb498dd1e9864bb231b",""
"Wagner L.P.; Reinpold L.M.; Kilthau M.; Fay A.","Wagner, Lukas Peter (58515342000); Reinpold, Lasse Matthias (57211992232); Kilthau, Maximilian (58514670200); Fay, Alexander (8562476000)","58515342000; 57211992232; 58514670200; 8562476000","A systematic review of modeling approaches for flexible energy resources","2023","Renewable and Sustainable Energy Reviews","184","","113541","","","","https://www.scopus.com/inward/record.uri?eid=2-s2.0-85166325497&doi=10.1016%2fj.rser.2023.113541&partnerID=40&md5=6a30ff6e5e852a4207c4ddb05113e774","Economics; Linear programming; Smart power grids; Common models; Demand response; Energy; Energy flexibility; Level-of-detail; Modeling; Modeling approach; Optimisations; Smart grid; Systematic Review; Renewable energy resources"
"Dellsén F.; Lawler I.; Norton J.","Dellsén, Finnur (57090826400); Lawler, Insa (57193274100); Norton, James (55944582500)","57090826400; 57193274100; 55944582500","Thinking about Progress: From Science to Philosophy","2022","Nous","56","4","","814","840","26","https://www.scopus.com/inward/record.uri?eid=2-s2.0-85143247940&doi=10.1111%2fnous.12383&partnerID=40&md5=57e30a30e296bed2cad674d290a723ef",""
"Brioni G.","Brioni, Giacomo (58305936400)","58305936400","Rethinking the presuppositions of decision theory through Adam Smith: the contributions of «Mainline Economics» and Vernon L. Smith; [Ripensare i presupposti della teoria delle decisioni attraverso Adam Smith La prospettiva della «Mainline Economics» e di Vernon L. Smith]","2023","Rivista di Filosofia","2023","1","","91","116","25","https://www.scopus.com/inward/record.uri?eid=2-s2.0-85161321392&doi=10.1413%2f106899&partnerID=40&md5=542dcaaf8356f12b9c58d2764f87f0f0",""
"Cogliati Dezza I.; Maher C.; Sharot T.","Cogliati Dezza, I. (57309003300); Maher, C. (57809586900); Sharot, T. (6506450367)","57309003300; 57809586900; 6506450367","People adaptively use information to improve their internal states and external outcomes","2022","Cognition","228","","105224","","","","https://www.scopus.com/inward/record.uri?eid=2-s2.0-85134435229&doi=10.1016%2fj.cognition.2022.105224&partnerID=40&md5=d5b3a9931d61c7a0575a196b4dce27bf","Cognition; Humans; Reward; adult; article; cognition; controlled study; expectation; female; human; human experiment; information seeking; major clinical study; male; prediction; reward; uncertainty; wellbeing; cognition; reward"
"Liquin E.G.; Gureckis T.M.","Liquin, Emily G. (57204164043); Gureckis, Todd M. (6506126125)","57204164043; 6506126125","Where Questions Come From: Reusing Old Questions in New Situations","2022","Proceedings of the 44th Annual Meeting of the Cognitive Science Society: Cognitive Diversity, CogSci 2022","","","","1160","1167","7","https://www.scopus.com/inward/record.uri?eid=2-s2.0-85146424316&partnerID=40&md5=7ce413c2cf7755c88fc711f9dd27faed","Active Learning; Creative Commons; Decision problems; Expected information gain; Expected informations; Information gain; Information search; Learn+; Question-asking; Reuse"
"Costa T.; Liloia D.; Ferraro M.; Manuello J.","Costa, Tommaso (7103357514); Liloia, Donato (57200394350); Ferraro, Mario (7103178605); Manuello, Jordi (57031897600)","7103357514; 57200394350; 7103178605; 57031897600","Plausible Reasoning in Neuroscience","2023","Handbook of Abductive Cognition","","","","1581","1618","37","https://www.scopus.com/inward/record.uri?eid=2-s2.0-85173308501&doi=10.1007%2f978-3-031-10135-9_73&partnerID=40&md5=63bde6fad3ba008eea8541d83a4fa2c7",""
"Mizrahi M.","Mizrahi, Moti (39362087900)","39362087900","Conceptions of scientific progress in scientific practice: an empirical study","2021","Synthese","199","1-2","","2375","2394","19","https://www.scopus.com/inward/record.uri?eid=2-s2.0-85091615557&doi=10.1007%2fs11229-020-02889-5&partnerID=40&md5=0de5ba908ed7efc2dcd8123236a13858",""
"Calzavarini F.","Calzavarini, Fabrizio (57193349547)","57193349547","Language comprehension and the brain; [COMPRENSIONE E CERVELLO]","2023","Sistemi Intelligenti","35","2","","251","276","25","https://www.scopus.com/inward/record.uri?eid=2-s2.0-85173062727&doi=10.1422%2f107149&partnerID=40&md5=8614722ecaafa04fa5d9f4940e828a27",""
"Haiduk F.; Fitch W.T.","Haiduk, Felix (57221106520); Fitch, W. Tecumseh (7102335397)","57221106520; 7102335397","Understanding Design Features of Music and Language: The Choric/Dialogic Distinction","2022","Frontiers in Psychology","13","","786899","","","","https://www.scopus.com/inward/record.uri?eid=2-s2.0-85129662554&doi=10.3389%2ffpsyg.2022.786899&partnerID=40&md5=b936df125bc42062123eec85ed8c59d2",""
"Boem F.; Bonzio S.","Boem, Federico (55655050200); Bonzio, Stefano (56955630000)","55655050200; 56955630000","A Logic for a Critical Attitude?","2022","Logic and Logical Philosophy","31","2","","261","288","27","https://www.scopus.com/inward/record.uri?eid=2-s2.0-85147266522&doi=10.12775%2fLLP.2022.010&partnerID=40&md5=82d26e45807aef392fa1f0553827c0ed",""
"Overill R.E.; Collie J.","Overill, Richard E. (6602223584); Collie, Jan (55427536700)","6602223584; 55427536700","Quantitative evaluation of the results of digital forensic investigations: a review of progress","2021","Forensic Sciences Research","6","1","","13","18","5","https://www.scopus.com/inward/record.uri?eid=2-s2.0-85100775664&doi=10.1080%2f20961790.2020.1837429&partnerID=40&md5=7a4e7cf2871b5ca14fb2682b5776eff5",""
"Niiniluoto I.","Niiniluoto, Ilkka (6602584996)","6602584996","The Semantic Approach: Scientific Progress as Increased Truthlikeness","2022","New Philosophical Perspectives on Scientific Progress","","","","27","45","18","https://www.scopus.com/inward/record.uri?eid=2-s2.0-85143918551&doi=10.4324%2f9781003165859-4&partnerID=40&md5=f892174b5e73d391464e15c46e2afb45",""
"Poostforush M.; Taqavi M.","Poostforush, Maryam (58173328700); Taqavi, Mostafa (8643553800)","58173328700; 8643553800","Roy Bhaskar on Scientific Progress and the Fallibility of Cognition: A Critique of Four Approaches","2021","Journal of Philosophical Theological Research","23","1","","131","148","17","https://www.scopus.com/inward/record.uri?eid=2-s2.0-85151900165&doi=10.22091%2fJPTR.2021.6359.2450&partnerID=40&md5=498b976391c032778ee5c332406c889f",""
"Newell B.R.; Lagnado D.A.; Shanks D.R.","Newell, Ben R. (7003401856); Lagnado, David A. (6507379819); Shanks, David R. (7005569087)","7003401856; 6507379819; 7005569087","Straight choices: The psychology of decision making","2022","Straight Choices: The Psychology of Decision Making","","","","1","322","321","https://www.scopus.com/inward/record.uri?eid=2-s2.0-85135539734&doi=10.4324%2f9781003289890&partnerID=40&md5=4a0669c9e29c0533a7bcdc354dcb5974",""
"Cevolani G.","Cevolani, Gustavo (40460910700)","40460910700","Introduction to Abduction and Cognitive Neuroscience","2023","Handbook of Abductive Cognition","","","","1519","1522","3","https://www.scopus.com/inward/record.uri?eid=2-s2.0-85173380938&doi=10.1007%2f978-3-031-10135-9_70&partnerID=40&md5=5e0fbd2733148e79b54ac8b5bc971286",""
"Yoon L.; Keenan K.E.; Hipwell A.E.; Forbes E.E.; Guyer A.E.","Yoon, Leehyun (57203316901); Keenan, Kate E. (57684969200); Hipwell, Alison E. (6602592821); Forbes, Erika E. (7005044856); Guyer, Amanda E. (6505875285)","57203316901; 57684969200; 6602592821; 7005044856; 6505875285","Hooked on a thought: Associations between rumination and neural responses to social rejection in adolescent girls","2023","Developmental Cognitive Neuroscience","64","","101320","","","","https://www.scopus.com/inward/record.uri?eid=2-s2.0-85175535534&doi=10.1016%2fj.dcn.2023.101320&partnerID=40&md5=ee4e7c67f19d6aa049b0a9732ba641cd","adolescent; adult; Article; cognition; cognitive rumination; conflict processing; depression; dorsolateral prefrontal cortex; emotion; female; functional connectivity; functional magnetic resonance imaging; human; longitudinal study; medial prefrontal cortex; memory encoding; mentalization; nerve potential; neurofeedback; parietal gyrus; peer acceptance; peer rejection; precuneus; self report; social rejection; subgenual anterior cingulate cortex; supplementary motor area; ventrolateral prefrontal cortex"
"Dellsén F.","Dellsén, Finnur (57090826400)","57090826400","Understanding scientific progress: the noetic account","2021","Synthese","199","3-4","","11249","11278","29","https://www.scopus.com/inward/record.uri?eid=2-s2.0-85110493653&doi=10.1007%2fs11229-021-03289-z&partnerID=40&md5=b956b8b23a6113599c64b0d433a415c6",""
"Seeman J.I.","Seeman, Jeffrey I. (7004422003)","7004422003","Fifty Years of a Dispute. A Triptych: Why Woodward?**","2022","Chemical Record","22","9","e202200150","","","","https://www.scopus.com/inward/record.uri?eid=2-s2.0-85136497146&doi=10.1002%2ftcr.202200150&partnerID=40&md5=24171bc349ab134f0769e5bb8b4b3311","cycloaddition; human; human experiment; male; motivation; personality; review"
"Vignero L.; Wenmackers S.","Vignero, Leander (57216982778); Wenmackers, Sylvia (12777477200)","57216982778; 12777477200","Degrees of riskiness, falsifiability, and truthlikeness: A neo-Popperian account applicable to probabilistic theories","2021","Synthese","199","3-4","","11729","11764","35","https://www.scopus.com/inward/record.uri?eid=2-s2.0-85111157860&doi=10.1007%2fs11229-021-03310-5&partnerID=40&md5=a16a75c562ff6b11c4c13f8ce74aa0a2",""
"Rodríguez-García M.I.; Carrasco-García M.G.; González-Enrique J.; Ruiz-Aguilar J.J.; Turias I.J.","Rodríguez-García, María Inmaculada (57386945600); Carrasco-García, María Gema (58235826000); González-Enrique, Javier (57202513093); Ruiz-Aguilar, Juan Jesús (56100125300); Turias, Ignacio J. (10139949800)","57386945600; 58235826000; 57202513093; 56100125300; 10139949800","Long Short-Term Memory Approach for Short-Term Air Quality Forecasting in the Bay of Algeciras (Spain)","2023","Sustainability (Switzerland)","15","6","5089","","","","https://www.scopus.com/inward/record.uri?eid=2-s2.0-85157970924&doi=10.3390%2fsu15065089&partnerID=40&md5=26533de2045951fb8383e1d6c6a478f2","Algeciras; Andalucia; Cadiz [Andalucia]; Spain; air quality; artificial neural network; atmospheric pollution; combustion; database; environmental monitoring; forecasting method; long-term change; machine learning; marine environment; nitrogen oxides; sulfur dioxide; traffic management"
"Vallverdú J.; Pinillos A.S.","Vallverdú, Jordi (55893967700); Pinillos, Alger Sans (57873539500)","55893967700; 57873539500","The Foundations of Creativity: Human Inquiry Explained Through the Neuro-Multimodality of Abduction","2023","Handbook of Abductive Cognition","","","","1289","1315","26","https://www.scopus.com/inward/record.uri?eid=2-s2.0-85173417812&doi=10.1007%2f978-3-031-10135-9_59&partnerID=40&md5=1c430e7c648a1e880336d913e896870c",""
"Cevolani G.; Festa R.","Cevolani, Gustavo (40460910700); Festa, Roberto (36745426900)","40460910700; 36745426900","Approaching deterministic and probabilistic truth: a unified account","2021","Synthese","199","3-4","","11465","11489","24","https://www.scopus.com/inward/record.uri?eid=2-s2.0-85111077903&doi=10.1007%2fs11229-021-03298-y&partnerID=40&md5=62fb0a0b98f6823bd1fedb354de7dd54",""
"Polo-Mendoza R.; Duque J.; Mašín D.; Turbay E.; Acosta C.","Polo-Mendoza, Rodrigo (57459624700); Duque, Jose (57202579802); Mašín, David (9536589000); Turbay, Emilio (57927866300); Acosta, Carlos (58612298500)","57459624700; 57202579802; 9536589000; 57927866300; 58612298500","Implementation of deep neural networks and statistical methods to predict the resilient modulus of soils","2023","International Journal of Pavement Engineering","24","1","2257852","","","","https://www.scopus.com/inward/record.uri?eid=2-s2.0-85171858404&doi=10.1080%2f10298436.2023.2257852&partnerID=40&md5=806b0dd0f15954fbca8a6dff5ab95102","Forecasting; Grain size and shape; Pavements; Shear stress; Size distribution; Soils; Statistical methods; Crucial parameters; Financial resources; Grain size distribution; Laboratory test; Mechanistic-empirical pavement design; Repetitive loadings; Resilient modulus; Soil behaviors; Stress levels; US soil; Deep neural networks"
"Cevolani G.; Pirisi M.","Cevolani, Gustavo (40460910700); Pirisi, Matteo (58290496800)","40460910700; 58290496800","PROBABILITÀ, VERISIMILITUDINE E RAGIONEVOLE DUBBIO: IL RAGIONAMENTO DEL GIUDICE COME APPROSSIMAZIONE ALLA VERITÀ","2023","Sistemi Intelligenti","35","1","","199","219","20","https://www.scopus.com/inward/record.uri?eid=2-s2.0-85160347101&doi=10.1422%2f106994&partnerID=40&md5=7615fd0446e9990698e369d767ffe478",""
"Mizrahi M.","Mizrahi, Moti (39362087900)","39362087900","What Is the Basic Unit of Scientific Progress? A Quantitative, Corpus-Based Study","2022","Journal for General Philosophy of Science","53","4","","441","458","17","https://www.scopus.com/inward/record.uri?eid=2-s2.0-85123616294&doi=10.1007%2fs10838-021-09576-0&partnerID=40&md5=e06495eb02fd1d99c9ba027fe6293433",""
"Landes J.","Landes, Jürgen (23393187700)","23393187700","Formal Epistemology Meets Mechanism Design","2023","Journal for General Philosophy of Science","54","2","","215","231","16","https://www.scopus.com/inward/record.uri?eid=2-s2.0-85153287076&doi=10.1007%2fs10838-022-09631-4&partnerID=40&md5=c51dbe30d4775c21a1541a0b5b3dfbef",""
"Nakamura K.","Nakamura, Kiyohiko (56301978300)","56301978300","Information seeking criteria: Artificial intelligence, economics, psychology, and neuroscience","2022","Reviews in the Neurosciences","33","1","","31","41","10","https://www.scopus.com/inward/record.uri?eid=2-s2.0-85104668033&doi=10.1515%2frevneuro-2020-0137&partnerID=40&md5=6c74f3b0c8c73c221473232d27ab8d42","Artificial Intelligence; Brain; Decision Making; Humans; Information Seeking Behavior; Neurosciences; Article; artificial intelligence; brain region; economics; functional magnetic resonance imaging; human; information processing; information seeking; knowledge; learning; mathematical computing; mathematical model; neurophysiology; neuroscience; psychology; task performance; artificial intelligence; brain; decision making; information seeking; neuroscience; physiology"
"Lawler I.","Lawler, Insa (57193274100)","57193274100","Scientific Progress and Idealisation","2022","New Philosophical Perspectives on Scientific Progress","","","","332","354","22","https://www.scopus.com/inward/record.uri?eid=2-s2.0-85143943101&doi=10.4324%2f9781003165859-21&partnerID=40&md5=5d44d79fd81ec252029ea974f60d1f40",""
"Bramley N.R.; Jones A.; Gureckis T.M.; Ruggeri A.","Bramley, Neil R. (56790033000); Jones, Angela (57219791763); Gureckis, Todd M. (6506126125); Ruggeri, Azzurra (55129387400)","56790033000; 57219791763; 6506126125; 55129387400","Children’s failure to control variables may reflect adaptive decision-making","2022","Psychonomic Bulletin and Review","29","6","","2314","2324","10","https://www.scopus.com/inward/record.uri?eid=2-s2.0-85134305227&doi=10.3758%2fs13423-022-02120-1&partnerID=40&md5=2eeade3f07beda57d989759e2d0a9e64","Adolescent; Child; Humans; Learning; Parent-Child Relations; adolescent; child; child parent relation; human; learning"
"Felin T.; Kauffman S.","Felin, Teppo (25221323200); Kauffman, Stuart (58141192200)","25221323200; 58141192200","The Search Function and Evolutionary Novelty","2021","New Developments in Evolutionary Innovation: Novelty Creation in a Serendipitous Economy","","","","113","143","30","https://www.scopus.com/inward/record.uri?eid=2-s2.0-85121307269&doi=10.1093%2foso%2f9780198837091.003.0007&partnerID=40&md5=b278b3331f4ae3dd7294d96d41b98993",""
"Yang S.C.-H.; Rank C.; Whritner J.A.; Nasraoui O.; Shafto P.","Yang, Scott Cheng-Hsin (57215371216); Rank, Chirag (57919600000); Whritner, Jake A. (57194013348); Nasraoui, Olfa (6701405496); Shafto, Patrick (6508237891)","57215371216; 57919600000; 57194013348; 6701405496; 6508237891","Human Variability and the Explore–Exploit Trade-Off in Recommendation","2023","Cognitive Science","47","4","e13279","","","","https://www.scopus.com/inward/record.uri?eid=2-s2.0-85152319989&doi=10.1111%2fcogs.13279&partnerID=40&md5=fc46a88adbcc2398e8628c06053867c6","Algorithms; Computer Simulation; Exploratory Behavior; Humans; Internet; Uncertainty; algorithm; computer simulation; exploratory behavior; human; Internet; uncertainty"
"Cevolani G.","Cevolani, Gustavo (40460910700)","40460910700","Approaching Truth in Conceptual Spaces","2020","Erkenntnis","85","6","","1485","1500","15","https://www.scopus.com/inward/record.uri?eid=2-s2.0-85057618013&doi=10.1007%2fs10670-018-0087-4&partnerID=40&md5=a24730d6199ed4e21bf75c770c68087c",""
"Engel M., Jr.","Engel, Mylan (16419433200)","16419433200","Lotteries, knowledge, and inconsistent belief: why you know your ticket will lose","2021","Synthese","198","8","","7891","7921","30","https://www.scopus.com/inward/record.uri?eid=2-s2.0-85080046047&doi=10.1007%2fs11229-020-02555-w&partnerID=40&md5=52d5ffd35c8c40ae3ba7eed6250adea0",""
"Tokhadze T.","Tokhadze, Tamaz (57219330603)","57219330603","EXTREME PERMISSIVISM REVISITED","2022","European Journal of Analytic Philosophy","18","1","","5","26","21","https://www.scopus.com/inward/record.uri?eid=2-s2.0-85124104414&doi=10.31820%2fEJAP.18.1.1&partnerID=40&md5=8fbbda5099a088bc55e5ff4d108ce7f3",""
"Seeman J.I.; Tantillo D.J.","Seeman, Jeffrey I. (7004422003); Tantillo, Dean J. (6701790653)","7004422003; 6701790653","Understanding chemistry: from “heuristic (soft) explanations and reasoning by analogy” to “quantum chemistry”","2022","Chemical Science","13","39","","11461","11486","25","https://www.scopus.com/inward/record.uri?eid=2-s2.0-85140059434&doi=10.1039%2fd2sc02535c&partnerID=40&md5=963f42f32c52c0f5677135c6feef1bca","Computation theory; Computational chemistry; Chemical phenomenas; Heuristic model; Model-based OPC; Quantum chemical; Reasoning by analogies; Theoretical chemistry; Quantum chemistry"
"Paterson G.","Paterson, Grace (57207824996)","57207824996","Sincerity in bulk","2022","Ratio","35","3","","214","224","10","https://www.scopus.com/inward/record.uri?eid=2-s2.0-85132804684&doi=10.1111%2frati.12343&partnerID=40&md5=4e5da22c98186039ca149a8ae7ee0c34",""
"Peruzzi E.","Peruzzi, Edoardo (57360431000)","57360431000","Models on trial: antitrust experts face Daubert challenges","2023","Journal of Economic Methodology","30","4","","337","351","14","https://www.scopus.com/inward/record.uri?eid=2-s2.0-85173733596&doi=10.1080%2f1350178X.2023.2267052&partnerID=40&md5=01691481a35efaa3b60033dcc42b7396",""
"Gaston P.; Brodbeck C.; Phillips C.; Lau E.","Gaston, Phoebe (56743369400); Brodbeck, Christian (56632817700); Phillips, Colin (7403136138); Lau, Ellen (13610237300)","56743369400; 56632817700; 7403136138; 13610237300","Auditory Word Comprehension Is Less Incremental in Isolated Words","2023","Neurobiology of Language","4","1","","29","52","23","https://www.scopus.com/inward/record.uri?eid=2-s2.0-85143261063&doi=10.1162%2fnol_a_00084&partnerID=40&md5=f8335a501d17ca435d36644c64674983",""
"Filimon F.; Nelson J.D.; Sejnowski T.J.; Sereno M.I.; Cottrell G.W.","Filimon, Flavia (21733418000); Nelson, Jonathan D. (55169673400); Sejnowski, Terrence J. (35595178300); Sereno, Martin I. (7005050489); Cottrell, Garrison W. (7102792906)","21733418000; 55169673400; 35595178300; 7005050489; 7102792906","The ventral striatum dissociates information expectation, reward anticipation, and reward receipt","2020","Proceedings of the National Academy of Sciences of the United States of America","117","26","","15200","15208","8","https://www.scopus.com/inward/record.uri?eid=2-s2.0-85087465864&doi=10.1073%2fpnas.1911778117&partnerID=40&md5=a7235d62411033bddae0e8ce1003180d","Adult; Anticipation, Psychological; Humans; Magnetic Resonance Imaging; Male; Motivation; Reward; Ventral Striatum; Young Adult; anticipation; article; controlled study; dissociation; expectation; experimental design; functional magnetic resonance imaging; medial prefrontal cortex; nucleus accumbens; orbital cortex; reward; theoretical study; adult; anticipation; diagnostic imaging; human; male; motivation; nuclear magnetic resonance imaging; physiology; ventral striatum; young adult"
"Dellsén F.","Dellsén, Finnur (57090826400)","57090826400","Scientific progress: By-whom or for-whom?","2023","Studies in History and Philosophy of Science","97","","","20","28","8","https://www.scopus.com/inward/record.uri?eid=2-s2.0-85143972844&doi=10.1016%2fj.shpsa.2022.11.006&partnerID=40&md5=4169c2611a6ad946cdf0686f50ac3f11","Attitude; Humans; Science; attitude; human; science"
"Bertram L.","Bertram, Lara (57219459238)","57219459238","Digital Learning Games for Mathematics and Computer Science Education: The Need for Preregistered RCTs, Standardized Methodology, and Advanced Technology","2020","Frontiers in Psychology","11","","2127","","","","https://www.scopus.com/inward/record.uri?eid=2-s2.0-85094853965&doi=10.3389%2ffpsyg.2020.02127&partnerID=40&md5=e15a2629ffd48d1651df65acf8cc0ede",""
"Saha S.; Chattopadhyay S.","Saha, Sanghati (57216392994); Chattopadhyay, Surajit (35475366000)","57216392994; 35475366000","Viscous generalised Chaplygin gas under the purview of f( T) gravity and the model assessment through probabilistic information theory","2022","Physica Scripta","97","4","045006","","","","https://www.scopus.com/inward/record.uri?eid=2-s2.0-85126719601&doi=10.1088%2f1402-4896%2fac5af4&partnerID=40&md5=12a465c2b83adbbcd1cd7f044feb504e","Equations of state; Gravitation; Viscosity; Bulk viscosity; Chaplygin gas; Dark energy; Equation-of-state; F(T ) gravity; Gaussian Mixture Model; Generalized chaplygin gas; Model assessment; Probabilistic information; Shannon's entropy; Gaussian distribution"
"Cornwall A.C.; Davis T.; Byrne K.A.; Worthy D.A.","Cornwall, Astin C. (57202777672); Davis, Tyler (26631881900); Byrne, Kaileigh A. (55630718500); Worthy, Darrell A. (15128203000)","57202777672; 26631881900; 55630718500; 15128203000","Effects of categorical and numerical feedback on category learning","2022","Cognition","225","","105163","","","","https://www.scopus.com/inward/record.uri?eid=2-s2.0-85130080671&doi=10.1016%2fj.cognition.2022.105163&partnerID=40&md5=54c263d7b288fe8237fef55b98aa5245","Feedback; Humans; Learning; Punishment; Reward; adult; article; artificial neural network; human; learning; prediction error; reward; simulation; feedback system; punishment"
"Sharma A.; Kumar R.; Kumar N.; Kaur K.; Saxena V.; Ghosh P.","Sharma, Arun (57225854015); Kumar, Ritesh (57198684551); Kumar, Nishant (57102449000); Kaur, Kuljinder (55778278700); Saxena, Vikas (57197369205); Ghosh, Priyadeep (58637509300)","57225854015; 57198684551; 57102449000; 55778278700; 57197369205; 58637509300","Chemometrics driven portable Vis-SWNIR spectrophotometer for non-destructive quality evaluation of raw tomatoes","2023","Chemometrics and Intelligent Laboratory Systems","242","","105001","","","","https://www.scopus.com/inward/record.uri?eid=2-s2.0-85173627181&doi=10.1016%2fj.chemolab.2023.105001&partnerID=40&md5=5a21250a95e8b64dc3bd045d157409ba","Carotenoids; Color; Data acquisition; Digital storage; Forestry; Fruits; Infrared devices; Least squares approximations; Mean square error; Meteorological instruments; Multivariant analysis; Neural networks; Principal component analysis; Quality control; Spectrophotometers; Spectroscopic analysis; Spectrum analysis; Statistical tests; Support vector machines; carotenoid; Chemometrices; Multiple linear regressions; Non destructive; Physico-chemicals; Physicochemical attribute; Postharvest quality; Spectra's; Spectral data; SWNIR spectroscopy; Tomato; antioxidant activity; Article; artificial neural network; blue light; chemometric analysis; chemometrics; cross validation; equipment design; fruit storage; green light; harvest; light; mechanical test; multiple linear regression analysis; near infrared spectroscopy; nonhuman; open source technology; partial least squares regression; physical chemistry; pigmentation; plant water content; principal component regression; product quality; quality control; random forest; red light; reflectometry; root mean squared error; support vector machine; visible short wave near infrared spectroscopy; Multiple linear regression"
"Cevolani G.; Crupi V.","Cevolani, Gustavo (40460910700); Crupi, Vincenzo (7005909406)","40460910700; 7005909406","Truth, Probability, and Evidence in Judicial Reasoning: The Case of the Conjunction Fallacy","2022","Economic Analysis of Law in European Legal Scholarship","14","","","105","121","16","https://www.scopus.com/inward/record.uri?eid=2-s2.0-85160287592&doi=10.1007%2f978-3-031-11744-2_6&partnerID=40&md5=ff8a1d8c6e5ef0feb50dcab877966fcf",""
"Deterding S.; Andersen M.M.; Kiverstein J.; Miller M.","Deterding, Sebastian (39061294600); Andersen, Marc Malmdorf (57220886048); Kiverstein, Julian (23988872200); Miller, Mark (58046020700)","39061294600; 57220886048; 23988872200; 58046020700","Mastering uncertainty: A predictive processing account of enjoying uncertain success in video game play","2022","Frontiers in Psychology","13","","924953","","","","https://www.scopus.com/inward/record.uri?eid=2-s2.0-85135620963&doi=10.3389%2ffpsyg.2022.924953&partnerID=40&md5=55605bdbdb3f0ba7c58b072432c8061b",""
"Kuipers T.A.F.","Kuipers, Theo A. F. (16413282100)","16413282100","The Logic of Qualitative Progress in Nomic, Design, and Explicative Research","2022","Synthese Library","462","","","207","231","24","https://www.scopus.com/inward/record.uri?eid=2-s2.0-85135388616&doi=10.1007%2f978-3-031-01315-7_10&partnerID=40&md5=efd466004137cff70e45b8f070a764b4",""
"Doss M.K.; Barrett F.S.; Corlett P.R.","Doss, Manoj K. (57191983312); Barrett, Frederick S. (16241012400); Corlett, Philip R. (9037095500)","57191983312; 16241012400; 9037095500","Skepticism about Recent Evidence That Psilocybin ""liberates"" Depressed Minds","2022","ACS Chemical Neuroscience","","","","","","","https://www.scopus.com/inward/record.uri?eid=2-s2.0-85137304511&doi=10.1021%2facschemneuro.2c00461&partnerID=40&md5=894273a2c2bafdde957e6520db5845bc","Brain; Citalopram; Humans; Magnetic Resonance Imaging; Psilocybin; Serotonin Uptake Inhibitors; citalopram; psilocybine; serotonin uptake inhibitor; brain; human; nuclear magnetic resonance imaging; procedures"
"Emmerson N.","Emmerson, Nicholas (57357032400)","57357032400","Understanding and scientific progress: lessons from epistemology","2022","Synthese","200","1","","","","","https://www.scopus.com/inward/record.uri?eid=2-s2.0-85125259241&doi=10.1007%2fs11229-022-03501-8&partnerID=40&md5=026a2e1a74f77bef5c318c5e6207df11",""
"Coraci D.; Calzavarini F.; Cevolani G.","Coraci, Davide (57235699600); Calzavarini, Fabrizio (57193349547); Cevolani, Gustavo (40460910700)","57235699600; 57193349547; 40460910700","Reverse Inference, Abduction, and Probability in Cognitive Neuroscience","2023","Handbook of Abductive Cognition","","","","1523","1549","26","https://www.scopus.com/inward/record.uri?eid=2-s2.0-85173401575&doi=10.1007%2f978-3-031-10135-9_71&partnerID=40&md5=e6606d2d0d73261743aff876c645a2d7",""
"D'Amato V.; Oneto L.; Camurri A.; Anguita D.","D'Amato, Vincenzo (57943402000); Oneto, Luca (41262130900); Camurri, Antonio (7003668526); Anguita, Davide (7004764744)","57943402000; 41262130900; 7003668526; 7004764744","Keep it Simple: Handcrafting Feature and Tuning Random Forests and XGBoost to face the Affective Movement Recognition Challenge 2021","2021","2021 9th International Conference on Affective Computing and Intelligent Interaction Workshops and Demos, ACIIW 2021","","","","","","","https://www.scopus.com/inward/record.uri?eid=2-s2.0-85124958816&doi=10.1109%2fACIIW52867.2021.9666428&partnerID=40&md5=10c7ee0410af68fcf3438d1767730088","Face recognition; Motion estimation; Affective movement recognition challenge 2021; Affective movements; Behavior detection; Body movements; Detection of lightness and fragility; Detection of reflective thinking; Feature engineerings; Model Selection; Movement recognition; Protective behavior detection; Random forests; Reflective thinking; Xgboost; Decision trees"
"Schaub N.J.; Hotaling N.","Schaub, Nicholas J. (37162141700); Hotaling, Nathan (56081684200)","37162141700; 56081684200","Assessing Efficiency in Artificial Neural Networks","2023","Applied Sciences (Switzerland)","13","18","10286","","","","https://www.scopus.com/inward/record.uri?eid=2-s2.0-85172863270&doi=10.3390%2fapp131810286&partnerID=40&md5=27c5582102e11959a911bf351c53c619",""
"Bargagli Stoffi F.J.; Cevolani G.; Gnecco G.","Bargagli Stoffi, Falco J. (57207772321); Cevolani, Gustavo (40460910700); Gnecco, Giorgio (22953696000)","57207772321; 40460910700; 22953696000","Simple Models in Complex Worlds: Occam’s Razor and Statistical Learning Theory","2022","Minds and Machines","32","1","","13","42","29","https://www.scopus.com/inward/record.uri?eid=2-s2.0-85125958364&doi=10.1007%2fs11023-022-09592-z&partnerID=40&md5=144e03a6be4428c8d12455d6257b0de3","Complexity; Learn+; Occam’s razor; Sample sizes; Simple modeling; Simplicity; Statistical learning theory; Supervised machine learning; Truth approximation; Vapnik-Chervonenkis dimensions; Supervised learning"
"Schurz G.","Schurz, Gerhard (6602897379)","6602897379","Probabilistic truthlikeness, content elements, and meta-inductive probability optimization","2021","Synthese","199","3-4","","6009","6037","28","https://www.scopus.com/inward/record.uri?eid=2-s2.0-85103371777&doi=10.1007%2fs11229-021-03057-z&partnerID=40&md5=1d54d2ccbe9ad331d2a052c922141c1b",""
"Shen Z.; Mao X.; Yang X.; Zhao D.","Shen, Zhenyi (58608972600); Mao, Xiahong (58639683600); Yang, Xiaohu (8258116000); Zhao, Dan (58609662200)","58608972600; 58639683600; 8258116000; 58609662200","Mining profitable alpha factors via convolution kernel learning","2023","Applied Intelligence","53","23","","28460","28478","18","https://www.scopus.com/inward/record.uri?eid=2-s2.0-85173757281&doi=10.1007%2fs10489-023-05014-4&partnerID=40&md5=e667c7549839c14d99221baeed2b5a5a","Combinatorial optimization; Commerce; Convolution; Iterative methods; Learning algorithms; Learning systems; Profitability; Alpha factor mining; Convolution kernel; Convolution kernel learning; Kernel learning; Learning problem; Learning process; Mining methods; Mining tasks; Performance; Sparsity; Genetic algorithms"
"Landes J.","Landes, Jürgen (23393187700)","23393187700","A Triple Uniqueness of the Maximum Entropy Approach","2021","Lecture Notes in Computer Science (including subseries Lecture Notes in Artificial Intelligence and Lecture Notes in Bioinformatics)","12897 LNAI","","","644","656","12","https://www.scopus.com/inward/record.uri?eid=2-s2.0-85116399064&doi=10.1007%2f978-3-030-86772-0_46&partnerID=40&md5=ecbafa82cb3179dd82aa29991645a084","Computer circuits; Bayesianism; First order; First order predicate language; Inductive logic; Maximum-entropy; Maximum-entropy approaches; Objective bayesianism; Predicate logic; Probabilistic constraints; Uncertain inference; Probability"
"Coraci D.; Cevolani G.","Coraci, Davide (57235699600); Cevolani, Gustavo (40460910700)","57235699600; 40460910700","The Bayesian analysis of reverse inference in neuroscience: a critique; [L’ANALISI BAYESIANA DELL’INFERENZA INVERSA IN NEUROSCIENZA: UNA CRITICA]","2022","Sistemi Intelligenti","34","2","","209","234","25","https://www.scopus.com/inward/record.uri?eid=2-s2.0-85140618317&doi=10.1422%2f105037&partnerID=40&md5=c672e31993e6aa3a3a0e1a9c7a8cb4bb",""
"Roselli A.","Roselli, Andrea (57203971790)","57203971790","Realists Waiting for Godot? The Verisimilitudinarian and the Cumulative Approach to Scientific Progress","2020","Erkenntnis","85","5","","1071","1084","13","https://www.scopus.com/inward/record.uri?eid=2-s2.0-85053845789&doi=10.1007%2fs10670-018-0065-x&partnerID=40&md5=3809903bbe361eb91105c258abcb09ae",""
"Landes J.","Landes, Jürgen (23393187700)","23393187700","Rules of proof for maximal entropy inference","2023","International Journal of Approximate Reasoning","153","","","144","171","27","https://www.scopus.com/inward/record.uri?eid=2-s2.0-85143670046&doi=10.1016%2fj.ijar.2022.11.016&partnerID=40&md5=a36d39d8e2670cdca6bc62f3161b6edc","Formal logic; Entropy approach; Entropy inference; Finite domains; First order logic; Inductive logic; Maximal entropy; Maximum entropy principle; Rule of proof; Set of rules; Uncertain inference; Entropy"
"Mahara T.; Helen Josephine V.L.; Srinivasan R.; Prakash P.; Algarni A.D.; Verma O.P.","Mahara, Tripti (57191094080); Helen Josephine, V.L. (57204880948); Srinivasan, Rashmi (58508025200); Prakash, Poorvi (58595877200); Algarni, Abeer D. (57204971671); Verma, Om Prakash (58100586900)","57191094080; 57204880948; 58508025200; 58595877200; 57204971671; 58100586900","Deep vs. Shallow: A Comparative Study of Machine Learning and Deep Learning Approaches for Fake Health News Detection","2023","IEEE Access","11","","","79330","79340","10","https://www.scopus.com/inward/record.uri?eid=2-s2.0-85165907642&doi=10.1109%2fACCESS.2023.3298441&partnerID=40&md5=3e0325b92c53e759025e1cb2678110b9","Biological systems; Decision trees; Fake detection; Health care; Learning systems; Long short-term memory; Biological system modeling; Deep learning; Fake news; Features extraction; Healthcare; Machine-learning; Medical services; Random forests; Readability feature; Adaptive boosting"
"Vassend O.B.","Vassend, Olav B. (57217846066)","57217846066","A verisimilitude framework for inductive inference, with an application to phylogenetics","2020","British Journal for the Philosophy of Science","71","4","","1359","1383","24","https://www.scopus.com/inward/record.uri?eid=2-s2.0-85099406716&doi=10.1093%2fbjps%2faxy054&partnerID=40&md5=7b08236923bc296f5d4f62569c06d461",""
"Jackson E.","Jackson, Elizabeth (57202754665)","57202754665","Faithfully Taking Pascal's Wager","2023","Monist","106","1","","35","45","10","https://www.scopus.com/inward/record.uri?eid=2-s2.0-85161309475&doi=10.1093%2fmonist%2fonac021&partnerID=40&md5=05e153f55f12ecec8b2fb763c89825ff",""
"Niiniluoto I.; Cevolani G.; Kuipers T.","Niiniluoto, Ilkka (6602584996); Cevolani, Gustavo (40460910700); Kuipers, Theo (16413282100)","6602584996; 40460910700; 16413282100","Approaching probabilistic truths: introduction to the Topical Collection","2022","Synthese","200","2","113","","","","https://www.scopus.com/inward/record.uri?eid=2-s2.0-85127986452&doi=10.1007%2fs11229-022-03516-1&partnerID=40&md5=cb3e38ce6be4c36f59a40879c3c850a3",""
"Tama I.P.; Nugroho W.S.; Mahmudy W.F.; Purnami P.","Tama, Ishardita Pambudi (36665444800); Nugroho, Willy Satrio (57216036041); Mahmudy, Wayan Firdaus (55779190600); Purnami, Purnami (57112610600)","36665444800; 57216036041; 55779190600; 57112610600","The Evaluation of Technology Startup Role on Indonesian SMEs Industry 4.0 Adoption Using CLD-ABM Integrated Model","2022","Sustainability (Switzerland)","14","14","8462","","","","https://www.scopus.com/inward/record.uri?eid=2-s2.0-85136407225&doi=10.3390%2fsu14148462&partnerID=40&md5=e6890a1a7ee4634d094a93f8eec28bb2","Indonesia; business; governance approach; numerical model; small and medium-sized enterprise; technology adoption"
"Kauss D.","Kauss, Dominik (57207699390)","57207699390","Context-sensitivity and the Preface Paradox for credence","2021","Synthese","199","3-4","","7303","7320","17","https://www.scopus.com/inward/record.uri?eid=2-s2.0-85103207531&doi=10.1007%2fs11229-021-03115-6&partnerID=40&md5=3ad86a246c75f30e636553574e89467f",""
"Békefi B.","Békefi, Bálint (57217179734)","57217179734","Knowledge and the fall in American neo-Calvinism: Toward a Van Til-Plantinga synthesis","2021","Philosophia Reformata","47","1","","1","22","21","https://www.scopus.com/inward/record.uri?eid=2-s2.0-85115753139&doi=10.1163%2f23528230-bja10027&partnerID=40&md5=c1698875f3ca97028cd9f57d36c74536",""
"Peruzzi E.; Cevolani G.","Peruzzi, Edoardo (57360431000); Cevolani, Gustavo (40460910700)","57360431000; 40460910700","Defending De-idealization in Economic Modeling: A Case Study","2022","Philosophy of the Social Sciences","52","1-2","","25","52","27","https://www.scopus.com/inward/record.uri?eid=2-s2.0-85120474338&doi=10.1177%2f00483931211049759&partnerID=40&md5=518a90b7e1063b5e6353aeb89984dd08",""
"Mizrahi M.","Mizrahi, Moti (39362087900)","39362087900","Scientific Progress: Why Getting Closer to Truth Is Not Enough","2017","International Studies in the Philosophy of Science","31","4","","415","419","4","https://www.scopus.com/inward/record.uri?eid=2-s2.0-85064082598&doi=10.1080%2f02698595.2019.1565213&partnerID=40&md5=29c92d23ab14e58fe6aba12579a2d410",""
"Akrenius M.; Maloney L.T.; Nelson J.D.","Akrenius, Mikaela (57920132400); Maloney, Laurence T. (7005595017); Nelson, Jonathan D. (55169673400)","57920132400; 7005595017; 55169673400","From Efficient Coding to Information Gain: Information-Theoretic Principles in Models of Human Decision Making","2020","Proceedings for the 42nd Annual Meeting of the Cognitive Science Society: Developing a Mind: Learning in Humans, Animals, and Machines, CogSci 2020","","","","9","10","1","https://www.scopus.com/inward/record.uri?eid=2-s2.0-85139496301&partnerID=40&md5=520a3c3a8961d48654ee1069d031d40b",""
"Kuipers T.A.F.","Kuipers, Theo A. F. (16413282100)","16413282100","Dovetailing Belief Base Revision with Truth Approximation","2019","Synthese Library","399","","","279","296","17","https://www.scopus.com/inward/record.uri?eid=2-s2.0-85114792026&doi=10.1007%2f978-3-319-98388-2_15&partnerID=40&md5=6c9a4206076fa63ac58757b435e69138",""
"Schippers M.","Schippers, Michael (55912689400)","55912689400","Coherence and (likeness to) truth","2015","Recent Developments in the Philosophy of Science: EPSA13 Helsinki","","","","3","16","13","https://www.scopus.com/inward/record.uri?eid=2-s2.0-84956787455&doi=10.1007%2f978-3-319-23015-3_1&partnerID=40&md5=ba0cb09e8efe1b7fab0cc839de4c71a6",""
"Shan Y.","Shan, Yafeng (58697651500)","58697651500","A new functional approach to scientific progress","2019","Philosophy of Science","86","4","","739","758","19","https://www.scopus.com/inward/record.uri?eid=2-s2.0-85072885811&doi=10.1086%2f704980&partnerID=40&md5=831d4642201e19bc83c219be99e2183c",""
"Pérez-Tomás A.","Pérez-Tomás, Amador (23009737900)","23009737900","Functional Oxides for Photoneuromorphic Engineering: Toward a Solar Brain","2019","Advanced Materials Interfaces","6","15","1900471","","","","https://www.scopus.com/inward/record.uri?eid=2-s2.0-85068900848&doi=10.1002%2fadmi.201900471&partnerID=40&md5=8eb9814709e4e7951ce92b4a871adb3b","Computation theory; Computational neuroscience; Ferroelectric materials; Green computing; Information theory; Oxide films; Solar power generation; Thin film solar cells; Thin films; Computational system; Data and information; Functional oxides; Neuromorphic Architectures; Neuromorphic engineering; Neuromorphic systems; Photovoltaics; Reduced power consumption; Energy efficiency"
"Liberatore P.","Liberatore, Paolo (6604064307)","6604064307","Belief integration and source reliability assessment","2018","Journal of Artificial Intelligence Research","63","","","87","143","56","https://www.scopus.com/inward/record.uri?eid=2-s2.0-85054788140&doi=10.1613%2fjair.1.11238&partnerID=40&md5=2e871151ce065e24a42183450a1ed12d","Integration; Merging; Consistent subset; Reliability assessments; Reliability order; Weighted distance; Reliability"
"Cevolani G.","Cevolani, Gustavo (40460910700)","40460910700","Fallibilism, Verisimilitude, and the Preface Paradox","2017","Erkenntnis","82","1","","169","183","14","https://www.scopus.com/inward/record.uri?eid=2-s2.0-84964389380&doi=10.1007%2fs10670-016-9811-0&partnerID=40&md5=a7f1655c83b45e97afb8a1ec8cb64467",""
"Niiniluoto I.","Niiniluoto, Ilkka (6602584996)","6602584996","Revising Beliefs Towards the Truth","2011","Erkenntnis","75","2","","165","181","16","https://www.scopus.com/inward/record.uri?eid=2-s2.0-80053305617&doi=10.1007%2fs10670-011-9289-8&partnerID=40&md5=3390bce2fb0eca2d5d4338569f561945",""
"Kuipers T.A.F.","Kuipers, Theo A. F. (16413282100)","16413282100","Background and Overview","2019","Synthese Library","399","","","1","18","17","https://www.scopus.com/inward/record.uri?eid=2-s2.0-85114814413&doi=10.1007%2f978-3-319-98388-2_1&partnerID=40&md5=d67c13ead5f7f6a647cb966c7ee158ca",""
"Cevolani G.","Cevolani, Gustavo (40460910700)","40460910700","Carnapian truthlikeness","2016","Logic Journal of the IGPL","24","4","","542","556","14","https://www.scopus.com/inward/record.uri?eid=2-s2.0-85019896906&doi=10.1093%2fjigpal%2fjzw021&partnerID=40&md5=d4e9bd1066a9f8a954fd1cad643b9638","Accuracy; Carnap; Cognitive value; Conjunctive approach; Content; Information; Popper; Truth approximation; Truthlikeness; Verisimilitude"
"Crupi V.","Crupi, Vincenzo (7005909406)","7005909406","Measures of Biological Diversity: Overview and Unified Framework","2019","History, Philosophy and Theory of the Life Sciences","24","","","123","136","13","https://www.scopus.com/inward/record.uri?eid=2-s2.0-85098084542&doi=10.1007%2f978-3-030-10991-2_6&partnerID=40&md5=61af0a76637ec3386024fe0b9ff1bcf5",""
"Saatsi J.","Saatsi, Juha (8969631000)","8969631000","What is theoretical progress of science?","2019","Synthese","196","2","","611","631","20","https://www.scopus.com/inward/record.uri?eid=2-s2.0-84969801997&doi=10.1007%2fs11229-016-1118-9&partnerID=40&md5=c159a56f72101e5fa753a36b8bdaea05",""
"Kuipers T.A.F.","Kuipers, Theo A. F. (16413282100)","16413282100","Dovetailing Belief Base Revision with (Basic) Truth Approximation","2014","Logic, Argumentation and Reasoning","5","","","77","93","16","https://www.scopus.com/inward/record.uri?eid=2-s2.0-84994270924&doi=10.1007%2f978-94-017-9011-6_5&partnerID=40&md5=b91b803ffb0bcd4be1d1c24cc2390288",""
"Landes J.","Landes, Jürgen (23393187700)","23393187700","Variety of evidence and the elimination of hypotheses","2020","European Journal for Philosophy of Science","10","2","12","","","","https://www.scopus.com/inward/record.uri?eid=2-s2.0-85078305731&doi=10.1007%2fs13194-019-0272-6&partnerID=40&md5=005a864f9451c37af29d1c1c591ec481",""
"Rowbottom D.P.","Rowbottom, Darrell P. (22938828600)","22938828600","Scientific realism: what it is, the contemporary debate, and new directions","2019","Synthese","196","2","","451","484","33","https://www.scopus.com/inward/record.uri?eid=2-s2.0-85026909121&doi=10.1007%2fs11229-017-1484-y&partnerID=40&md5=1b855b495e049514da29495b7dcb753d",""
"Galvan S.","Galvan, Sergio (16405959900)","16405959900","Science and rationality; [Scienza e razionalità]","2018","Rivista di Filosofia Neo-Scolastica","","3","","461","476","15","https://www.scopus.com/inward/record.uri?eid=2-s2.0-85058245460&partnerID=40&md5=bb1a3048e7021c25f6aa18d84882d534",""
"Kuipers T.A.F.","Kuipers, Theo A. F. (16413282100)","16413282100","Basic and Refined Nomic Truth Approximation by Evidence-Guided Belief Set Revision","2019","Synthese Library","399","","","263","278","15","https://www.scopus.com/inward/record.uri?eid=2-s2.0-85114812283&doi=10.1007%2f978-3-319-98388-2_14&partnerID=40&md5=50660a1f030a5d6317840d6f50787fe7",""
"D’Alfonso S.","D’Alfonso, Simon (57190216694)","57190216694","Belief merging with the aim of truthlikeness","2016","Synthese","193","7","","2013","2034","21","https://www.scopus.com/inward/record.uri?eid=2-s2.0-84978937947&doi=10.1007%2fs11229-015-0825-y&partnerID=40&md5=a2517b447db9b4cc16c9803bcbce60e3",""
"Colombo M.; Lai J.; Crupi V.","Colombo, Matteo (55420169600); Lai, Jun (57206467704); Crupi, Vincenzo (7005909406)","55420169600; 57206467704; 7005909406","Sleeping Beauty Goes to the Lab: The Psychology of Self-Locating Evidence","2019","Review of Philosophy and Psychology","10","1","","173","185","12","https://www.scopus.com/inward/record.uri?eid=2-s2.0-85061749260&doi=10.1007%2fs13164-018-0381-8&partnerID=40&md5=0f925f79ddbdea035d3835a0c9b01980",""
"Shogenji T.","Shogenji, Tomoji (55979391400)","55979391400","Formal epistemology and Cartesian skepticism: In defense of belief in the natural world","2017","Formal Epistemology and Cartesian Skepticism: In Defense of Belief in the Natural World","","","","1","193","192","https://www.scopus.com/inward/record.uri?eid=2-s2.0-85042531602&doi=10.4324%2f9780203703779&partnerID=40&md5=93a2bea5ea99c201678fd6616d9ff2e4",""
"Niiniluoto I.","Niiniluoto, Ilkka (6602584996)","6602584996","Truthlikeness: old and new debates","2020","Synthese","197","4","","1581","1599","18","https://www.scopus.com/inward/record.uri?eid=2-s2.0-85055932610&doi=10.1007%2fs11229-018-01975-z&partnerID=40&md5=38fb65b60f7fb2cd1d14b716e578a7c6",""
"Bertram L.; Schulz E.; Hofer M.; Nelson J.D.","Bertram, Lara (57219459238); Schulz, Eric (7202482374); Hofer, Matthias (57211985463); Nelson, Jonathan D. (55169673400)","57219459238; 7202482374; 57211985463; 55169673400","Emotion, entropy evaluations and subjective uncertainty","2020","Proceedings for the 42nd Annual Meeting of the Cognitive Science Society: Developing a Mind: Learning in Humans, Animals, and Machines, CogSci 2020","","","","1457","1463","6","https://www.scopus.com/inward/record.uri?eid=2-s2.0-85110361325&partnerID=40&md5=5b0f23f7afd3058b7bdafe2abbe94fe5","Behavioral research; Information theory; Probability distributions; Query processing; Cognitive emotion theories; Emotion; Emotional state; Entropy reduction; Human entropy intuition; Probabilistic behavior; Probabilistic uncertainty; Sharmum-mittal space; Subjective uncertainty; Uncertainty; Entropy"
"Kuipers T.A.F.","Kuipers, Theo A. F. (16413282100)","16413282100","Models, Postulates, and Generalized Nomic Truth Approximation","2019","Synthese Library","399","","","53","68","15","https://www.scopus.com/inward/record.uri?eid=2-s2.0-85114763011&doi=10.1007%2f978-3-319-98388-2_4&partnerID=40&md5=8b5988a9725770d50effa9edc6b26aff",""
"Tambolo L.","Tambolo, Luca (54966821700)","54966821700","Pliability and resistance: Feyerabendian insights into sophisticated realism","2014","European Journal for Philosophy of Science","4","2","","197","213","16","https://www.scopus.com/inward/record.uri?eid=2-s2.0-84901754663&doi=10.1007%2fs13194-014-0082-9&partnerID=40&md5=701797b8359fef68eb9961c0a03b9a6c",""
"Coenen A.; Nelson J.D.; Gureckis T.M.","Coenen, Anna (56609906700); Nelson, Jonathan D. (55169673400); Gureckis, Todd M. (6506126125)","56609906700; 55169673400; 6506126125","Asking the right questions about the psychology of human inquiry: Nine open challenges","2019","Psychonomic Bulletin and Review","26","5","","1548","1587","39","https://www.scopus.com/inward/record.uri?eid=2-s2.0-85048020761&doi=10.3758%2fs13423-018-1470-5&partnerID=40&md5=c5f35517278b5e89397a2aad1c22e9b4","Humans; Learning; Motivation; Psychological Theory; Research Design; human; learning; methodology; motivation; psychological theory"
"Fresco N.; McGivern P.; Ghose A.","Fresco, Nir (24464047800); McGivern, Patrick (58707360400); Ghose, Aditya (57193392011)","24464047800; 58707360400; 57193392011","Information, veridicality, and inferential knowledge","2017","American Philosophical Quarterly","54","1","","61","75","14","https://www.scopus.com/inward/record.uri?eid=2-s2.0-85013392355&partnerID=40&md5=e0bfaf4ff8421aa3b739bdda0963a8ab",""
"Douven I.","Douven, Igor (16401429600)","16401429600","Scoring in context","2020","Synthese","197","4","","1565","1580","15","https://www.scopus.com/inward/record.uri?eid=2-s2.0-85049580112&doi=10.1007%2fs11229-018-1867-8&partnerID=40&md5=367dab55e7572a43a79ba7555a56e3c0",""
"Rowbottom D.P.","Rowbottom, Darrell P. (22938828600)","22938828600","The instrument of science: Scientific anti-realism revitalised","2019","The Instrument of Science: Scientific Anti-Realism Revitalised","","","","1","215","214","https://www.scopus.com/inward/record.uri?eid=2-s2.0-85059527484&doi=10.4324%2f9780429022517&partnerID=40&md5=77aa6b10673f9cc25392f30c3580b32b",""
"Cevolani G.","Cevolani, Gustavo (40460910700)","40460910700","Strongly Semantic Information as Information About the Truth","2014","Trends in Logic","41","","","59","74","15","https://www.scopus.com/inward/record.uri?eid=2-s2.0-84956736076&doi=10.1007%2f978-3-319-06080-4_5&partnerID=40&md5=f639bc2e088e61188625083e35aaa6fe",""
"Mondragón D.I.","Mondragón, Damián Islas (56798197100)","56798197100","The Inference Rule of Addition and the Semantic View of Scientific Progress: Reply to Mizrahi","2017","International Studies in the Philosophy of Science","31","4","","421","425","4","https://www.scopus.com/inward/record.uri?eid=2-s2.0-85064083812&doi=10.1080%2f02698595.2019.1565212&partnerID=40&md5=eb322e1e2bf4b11b4d6ba2288436a150",""
"Gilboa-Freedman G.; Hamburger Y.A.; Castro D.","Gilboa-Freedman, Gail (17345709200); Hamburger, Yair Amichai (6603423606); Castro, Dotan (57225322580)","17345709200; 6603423606; 57225322580","Who Accepts Information Measures?","2020","Lecture Notes in Computer Science (including subseries Lecture Notes in Artificial Intelligence and Lecture Notes in Bioinformatics)","12566 LNCS","","","612","616","4","https://www.scopus.com/inward/record.uri?eid=2-s2.0-85101333777&doi=10.1007%2f978-3-030-64580-9_50&partnerID=40&md5=97bb6f8276fabfaeb426b918b9698785","Information theory; Machine learning; Testing; Abstract notions; Axiomatic models; Empirical studies; Information measures; Locus of control; Psychological tests; Simple modeling; Data Science"
"Yang S.C.-H.; Vong W.K.; Yu Y.; Shafto P.","Yang, Scott Cheng-Hsin (57215371216); Vong, Wai Keen (55803962600); Yu, Yue (57015755600); Shafto, Patrick (6508237891)","57215371216; 55803962600; 57015755600; 6508237891","A Unifying Computational Framework for Teaching and Active Learning","2019","Topics in Cognitive Science","11","2","","316","337","21","https://www.scopus.com/inward/record.uri?eid=2-s2.0-85059957685&doi=10.1111%2ftops.12405&partnerID=40&md5=3321a6e6901a64eb3439bff75dd4673b","Humans; Models, Theoretical; Problem-Based Learning; Teaching; Theory of Mind; Thinking; human; problem based learning; teaching; theoretical model; theory of mind; thinking"
"Sprenger J.","Sprenger, Jan (25926058400)","25926058400","Conditional degree of belief and Bayesian inference","2020","Philosophy of Science","87","2","","319","335","16","https://www.scopus.com/inward/record.uri?eid=2-s2.0-85083955714&doi=10.1086%2f707554&partnerID=40&md5=ed6292a1ecbae45093f5c789c82b8fb0",""
"Tambolo L.","Tambolo, Luca (54966821700)","54966821700","A verisimilitudinarian rebuttal of a recent attack against realism","2015","Recent Developments in the Philosophy of Science: EPSA13 Helsinki","","","","17","23","6","https://www.scopus.com/inward/record.uri?eid=2-s2.0-84956800922&doi=10.1007%2f978-3-319-23015-3_2&partnerID=40&md5=bd83949d923ac9293a2296f1503c98bd",""
"Kuipers T.A.F.","Kuipers, Theo A. F. (16413282100)","16413282100","Quantitative Nomic Truth Approximation","2019","Synthese Library","399","","","71","84","13","https://www.scopus.com/inward/record.uri?eid=2-s2.0-85114772066&doi=10.1007%2f978-3-319-98388-2_5&partnerID=40&md5=ad4286ae1fe89398f89329a227419690",""
"Kalpokas I.","Kalpokas, Ignas (55560515400)","55560515400","A Political Theory of Post-Truth","2018","A Political Theory of Post-Truth","","","","1","135","134","https://www.scopus.com/inward/record.uri?eid=2-s2.0-85063507584&doi=10.1007%2f978-3-319-97713-3&partnerID=40&md5=e72f736e07b4a34f7161d99d3d57d86d",""
"Meder B.; Nelson J.D.; Jones M.; Ruggeri A.","Meder, Björn (24765094800); Nelson, Jonathan D. (55169673400); Jones, Matt (57212401671); Ruggeri, Azzurra (55129387400)","24765094800; 55169673400; 57212401671; 55129387400","Stepwise versus globally optimal search in children and adults","2019","Cognition","191","","103965","","","","https://www.scopus.com/inward/record.uri?eid=2-s2.0-85070405448&doi=10.1016%2fj.cognition.2019.05.002&partnerID=40&md5=f89f43b469bbb7aa418cf4dc3de0f2d1","Adult; Child; Child Development; Female; Heuristics; Humans; Male; Young Adult; adolescent; adult; Article; behavior; child; cognition; comparative study; computer simulation; dependent variable; entropy; environment; groups by age; heuristics; human; human development; information; major clinical study; planning; prediction; priority journal; reinforcement; school child; child development; female; heuristics; male; physiology; young adult"
"Bird A.","Bird, Alexander (7202467119)","7202467119","The aim of belief and the aim of science","2019","Theoria (Spain)","34","2","","171","193","22","https://www.scopus.com/inward/record.uri?eid=2-s2.0-85097478628&doi=10.1387%2ftheoria.19351&partnerID=40&md5=aa8a7e4012655b12f50a478c119c98ad",""
"Niiniluoto I.","Niiniluoto, Ilkka (6602584996)","6602584996","Verisimilitude: Why and How","2017","Boston Studies in the Philosophy and History of Science","325","","","71","79","8","https://www.scopus.com/inward/record.uri?eid=2-s2.0-85083620943&doi=10.1007%2f978-3-319-57669-5_7&partnerID=40&md5=b6220ae43dea939eeea961334b82bc7f",""
"Niiniluoto I.","Niiniluoto, Ilkka (6602584996)","6602584996","Optimistic realism about scientific progress","2017","Synthese","194","9","","3291","3309","18","https://www.scopus.com/inward/record.uri?eid=2-s2.0-84948131509&doi=10.1007%2fs11229-015-0974-z&partnerID=40&md5=d66fd5f16d236572f1771704ec0c2d95",""
"Dellsén F.","Dellsén, Finnur (57090826400)","57090826400","Scientific progress: Knowledge versus understanding","2016","Studies in History and Philosophy of Science Part A","56","","","72","83","11","https://www.scopus.com/inward/record.uri?eid=2-s2.0-84956674985&doi=10.1016%2fj.shpsa.2016.01.003&partnerID=40&md5=6c59efdf3560f119a96abfce266bcd1c","Comprehension; Knowledge; Models, Theoretical; Philosophy; Science; comprehension; knowledge; philosophy; science; theoretical model"
"Kuipers T.A.F.","Kuipers, Theo A.F. (16413282100)","16413282100","Basic and Refined Nomic Truth Approximation by Evidence-Guided Belief Revision in AGM-Terms","2011","Erkenntnis","75","2","","223","236","13","https://www.scopus.com/inward/record.uri?eid=2-s2.0-80053337280&doi=10.1007%2fs10670-011-9292-0&partnerID=40&md5=46b408d09687686edcd6650ab77f7f0a",""
"Betz G.","Betz, Gregor (24330834100)","24330834100","Debate Dynamics: How Controversy Improves Our Beliefs","2013","Synthese Library","357","","","1","255","254","https://www.scopus.com/inward/record.uri?eid=2-s2.0-85116884953&doi=10.1007%2f978-94-007-4599-5_1&partnerID=40&md5=743013de3edbab57fbb325ba8031708f",""
"Cevolani G.; Tambolo L.","Cevolani, Gustavo (40460910700); Tambolo, Luca (54966821700)","40460910700; 54966821700","Truth may not explain predictive success, but truthlikeness does","2013","Studies in History and Philosophy of Science Part A","44","4","","590","593","3","https://www.scopus.com/inward/record.uri?eid=2-s2.0-84888316453&doi=10.1016%2fj.shpsa.2013.05.004&partnerID=40&md5=36a1da878b20093562cbacf31210f4fa",""
"Cevolani G.; Festa R.; Kuipers T.A.F.","Cevolani, Gustavo (40460910700); Festa, Roberto (36745426900); Kuipers, Theo A.F. (16413282100)","40460910700; 36745426900; 16413282100","Verisimilitude and belief change for nomic conjunctive theories","2013","Synthese","190","16","","3307","3324","17","https://www.scopus.com/inward/record.uri?eid=2-s2.0-84888131445&doi=10.1007%2fs11229-012-0165-0&partnerID=40&md5=601b49b1a6026b7ea5d3883c61b52c80",""
"Cevolani G.","Cevolani, Gustavo (40460910700)","40460910700","Truthlikeness and the Problem of Measure Sensitivity","2017","European Studies in Philosophy of Science","5","","","257","271","14","https://www.scopus.com/inward/record.uri?eid=2-s2.0-85053941053&doi=10.1007%2f978-3-319-53730-6_21&partnerID=40&md5=b0b7fc0b8b90d55540b3bcae6fc53a0a",""
"Schurz G.","Schurz, Gerhard (6602897379)","6602897379","Twelve great papers: comments and replies. Response to a special issue on logical perspectives on science and cognition—The philosophy of Gerhard Schurz","2020","Synthese","197","4","","1661","1695","34","https://www.scopus.com/inward/record.uri?eid=2-s2.0-85069468394&doi=10.1007%2fs11229-019-02329-z&partnerID=40&md5=f6c315122700809a18e47f22737f636e",""
"Kuipers T.A.F.","Kuipers, Theo A. F. (16413282100)","16413282100","Nomic Truth Approximation by Empirical Progress Revisited","2019","Synthese Library","399","","","21","39","18","https://www.scopus.com/inward/record.uri?eid=2-s2.0-85114821775&doi=10.1007%2f978-3-319-98388-2_2&partnerID=40&md5=310384f76ebb0db18c8085c755f85a32",""
"Kuipers T.A.F.","Kuipers, Theo A. F. (16413282100)","16413282100","Refined nomic truth approximation by revising models and postulates","2020","Synthese","197","4","","1601","1625","24","https://www.scopus.com/inward/record.uri?eid=2-s2.0-85044197906&doi=10.1007%2fs11229-018-1755-2&partnerID=40&md5=c67e5611d0290abca683b794e27573e0",""
"Dyer R.","Dyer, Ronald (57069615300)","57069615300","Beyond power systems analysis: Game-based learning as an instructional alternative","2015","Proceedings of the European Conference on Games-based Learning","2015-January","","","161","170","9","https://www.scopus.com/inward/record.uri?eid=2-s2.0-84955059260&partnerID=40&md5=1c3a34f587db4cdef65b45c1d5de9032","Education computing; Systems analysis; Teaching; Cognitive loads; Engineering undergraduates; Flow; Game-based Learning; Problem-based learning approaches; Problem-solving abilities; Real world industry challenges; Verisimilitude; Problem solving"
"Niiniluoto I.","Niiniluoto, Ilkka (6602584996)","6602584996","Social aspects of scientific knowledge","2020","Synthese","197","1","","447","468","21","https://www.scopus.com/inward/record.uri?eid=2-s2.0-85049649608&doi=10.1007%2fs11229-018-1868-7&partnerID=40&md5=0f1803e2972af3a04e702e6b490a9d5b",""
"Niiniluoto I.","Niiniluoto, Ilkka (6602584996)","6602584996","Scientific progress","2017","The Routledge Handbook of Scientific Realism","","","","187","199","12","https://www.scopus.com/inward/record.uri?eid=2-s2.0-85045086104&doi=10.4324%2f9780203712498&partnerID=40&md5=1838ada4724c816e8ba3c7703a935632",""
"Cevolani G.; Tambolo L.","Cevolani, Gustavo (40460910700); Tambolo, Luca (54966821700)","40460910700; 54966821700","Progress as Approximation to the Truth: A Defence of the Verisimilitudinarian Approach","2013","Erkenntnis","78","4","","921","935","14","https://www.scopus.com/inward/record.uri?eid=2-s2.0-84883768066&doi=10.1007%2fs10670-012-9362-y&partnerID=40&md5=033ef538f450109bb5ec17714cafc4d4",""
"Lebens S.","Lebens, Samuel (35767875900)","35767875900","The Principles of Judaism","2020","The Principles of Judaism","","","","1","331","330","https://www.scopus.com/inward/record.uri?eid=2-s2.0-85087744225&doi=10.1093%2foso%2f9780198843252.001.0001&partnerID=40&md5=4d46f116982913a175e979affafd1e67",""
"Rothe A.; Lake B.M.; Gureckis T.M.","Rothe, Anselm (57202057833); Lake, Brenden M. (56123187100); Gureckis, Todd M. (6506126125)","57202057833; 56123187100; 6506126125","Asking goal-oriented questions and learning from answers","2019","Proceedings of the 41st Annual Meeting of the Cognitive Science Society: Creativity + Cognition + Computation, CogSci 2019","","","","981","986","5","https://www.scopus.com/inward/record.uri?eid=2-s2.0-85139421404&partnerID=40&md5=a8ee5bc50e49fdaa4448e3c6721f53d0","Bayesian networks; Active Learning; Bayesian; Bayesian modelling; Follow up; Goal-oriented; Information search; Learn+; Model-based OPC; Neural-networks; Question-asking; Cognitive systems"
"Schulz E.; Bertram L.; Hofer M.; Nelson J.D.","Schulz, Eric (7202482374); Bertram, Lara (57219459238); Hofer, Matthias (57211985463); Nelson, Jonathan D. (55169673400)","7202482374; 57219459238; 57211985463; 55169673400","Exploring the space of human exploration using Entropy Mastermind","2019","Proceedings of the 41st Annual Meeting of the Cognitive Science Society: Creativity + Cognition + Computation, CogSci 2019","","","","2762","2768","6","https://www.scopus.com/inward/record.uri?eid=2-s2.0-85092024949&partnerID=40&md5=48d24826d35be4f26b438bf71548a62e","Behavioral research; Information theory; Active Learning; Code-breaking; Curiosity; Game environment; Human behaviors; Human exploration; Modelling framework; Secret code; Solved games; Entropy"
"Evans J.S.B.T.; Elqayam S.","Evans, Jonathan St. B. T. (55446598800); Elqayam, Shira (22984837000)","55446598800; 22984837000","How and why we reason from is to ought","2020","Synthese","197","4","","1429","1446","17","https://www.scopus.com/inward/record.uri?eid=2-s2.0-85069501309&doi=10.1007%2fs11229-018-02041-4&partnerID=40&md5=a551c53d54f9b327776d09d442b469a2",""
"D'Alfonso S.","D'Alfonso, Simon (57190216694)","57190216694","Truthlikeness and the Lottery Paradox via the Preface Paradox","2018","Australasian Journal of Philosophy","96","2","","391","397","6","https://www.scopus.com/inward/record.uri?eid=2-s2.0-85029426959&doi=10.1080%2f00048402.2017.1372491&partnerID=40&md5=6ad9c4d619334426c3676ddc470a332a",""
"Akrenius M.","Akrenius, Mikaela (57920132400)","57920132400","Information Theory Meets Expected Utility: The Entropic Roots of Probability Weighting Functions","2020","Proceedings for the 42nd Annual Meeting of the Cognitive Science Society: Developing a Mind: Learning in Humans, Animals, and Machines, CogSci 2020","","","","3233","3239","6","https://www.scopus.com/inward/record.uri?eid=2-s2.0-85139527838&partnerID=40&md5=50c914edce0f2bb43608b59a1db12014","Decision making; Decision theory; Information theory; Probability distributions; Creative Commons; Decision making under uncertainty; Decision-making under risks; Expected utility; Information entropy; Predictive coding; Probability weighting; Risks and uncertainties; Uncertainty; Weighting functions; Frequency estimation"
"Kuipers T.A.F.","Kuipers, Theo A. F. (16413282100)","16413282100","Models, postulates, and generalized nomic truth approximation","2016","Synthese","193","10","","3057","3077","20","https://www.scopus.com/inward/record.uri?eid=2-s2.0-84944705752&doi=10.1007%2fs11229-015-0916-9&partnerID=40&md5=7b9088cdc4be79cd9f94530c54c37cf8",""
"Stanley D.E.","Stanley, Donald E. (7201996823)","7201996823","The Logic of Medical Diagnosis: Generating and Selecting Hypotheses","2019","Topoi","38","2","","437","446","9","https://www.scopus.com/inward/record.uri?eid=2-s2.0-85030715054&doi=10.1007%2fs11245-017-9516-2&partnerID=40&md5=e13f2b048652be3c58bacf8763944f39",""
"Kuipers T.A.F.","Kuipers, Theo A. F. (16413282100)","16413282100","Perspectives and Guidelines for Theories of (Nomic) Truth Approximation by Empirical Progress","2019","Synthese Library","399","","","41","51","10","https://www.scopus.com/inward/record.uri?eid=2-s2.0-85114814236&doi=10.1007%2f978-3-319-98388-2_3&partnerID=40&md5=e43c77ffbedfac414003f5fa9b6933f1",""
"Heesen R.; van der Kolk P.","Heesen, Remco (55179899200); van der Kolk, Pieter (57063199800)","55179899200; 57063199800","A Game-Theoretic Approach to Peer Disagreement","2016","Erkenntnis","81","6","","1345","1368","23","https://www.scopus.com/inward/record.uri?eid=2-s2.0-84954505749&doi=10.1007%2fs10670-015-9800-8&partnerID=40&md5=d7584299ca31875e411bda79fd4fa891",""
"Cevolani G.; Crupi V.; Festa R.","Cevolani, Gustavo (40460910700); Crupi, Vincenzo (7005909406); Festa, Roberto (36745426900)","40460910700; 7005909406; 36745426900","Verisimilitude and Belief Change for Conjunctive Theories","2011","Erkenntnis","75","2","","183","202","19","https://www.scopus.com/inward/record.uri?eid=2-s2.0-80053339689&doi=10.1007%2fs10670-011-9290-2&partnerID=40&md5=3de57298cbb6380db443e91cce0adb48",""
"Cevolani G.","Cevolani, Gustavo (40460910700)","40460910700","Social epistemology, debate dynamics, and truth approximation","2015","Recent Developments in the Philosophy of Science: EPSA13 Helsinki","","","","57","69","12","https://www.scopus.com/inward/record.uri?eid=2-s2.0-84956767581&doi=10.1007%2f978-3-319-23015-3_5&partnerID=40&md5=1f8613cfdb0e27a19ce7cbac5d48ea4b",""
"Rowbottom D.P.","Rowbottom, Darrell P. (22938828600)","22938828600","Scientific progress without increasing verisimilitude: In response to Niiniluoto","2015","Studies in History and Philosophy of Science Part A","51","","","100","104","4","https://www.scopus.com/inward/record.uri?eid=2-s2.0-84939990935&doi=10.1016%2fj.shpsa.2015.01.003&partnerID=40&md5=65caef311f1a2294d7c85a44ff86504e","Knowledge; Models, Theoretical; Philosophy; Science; knowledge; philosophy; science; theoretical model"
"Cevolani G.; Festa R.","Cevolani, Gustavo (40460910700); Festa, Roberto (36745426900)","40460910700; 36745426900","A partial consequence account of truthlikeness","2020","Synthese","197","4","","1627","1646","19","https://www.scopus.com/inward/record.uri?eid=2-s2.0-85053865125&doi=10.1007%2fs11229-018-01947-3&partnerID=40&md5=994078e5663c212e69a6b8936de51172",""
"Schurz G.","Schurz, Gerhard (6602897379)","6602897379","Truthlikeness and approximate truth","2017","The Routledge Handbook of Scientific Realism","","","","133","148","15","https://www.scopus.com/inward/record.uri?eid=2-s2.0-85045092581&doi=10.4324%2f9780203712498&partnerID=40&md5=07259574b86f109a7746939b81db92fd",""
"Oaksford M.; Chater N.","Oaksford, Mike (7004412331); Chater, Nick (7007185366)","7004412331; 7007185366","New paradigms in the psychology of reasoning","2020","Annual Review of Psychology","71","","","305","330","25","https://www.scopus.com/inward/record.uri?eid=2-s2.0-85077666491&doi=10.1146%2fannurev-psych-010419-051132&partnerID=40&md5=c42d1397dd6c5f0f6de589681a21b743","Humans; Logic; Models, Psychological; Thinking; human; logic; psychological model; thinking"
"Kuipers T.A.F.","Kuipers, Theo A.F. (16413282100)","16413282100","Empirical progress and nomic truth approximation revisited","2014","Studies in History and Philosophy of Science Part A","46","","","64","72","8","https://www.scopus.com/inward/record.uri?eid=2-s2.0-84901674480&doi=10.1016%2fj.shpsa.2014.02.003&partnerID=40&md5=d3580bfad91e0a7bc3b2aef4353fc0ef","Models, Theoretical; Philosophy; Science; article; philosophy; science; theoretical model"
"Betz G.","Betz, Gregor (24330834100)","24330834100","Truth in evidence and truth in arguments without logical omniscience","2016","British Journal for the Philosophy of Science","67","4","","1117","1137","20","https://www.scopus.com/inward/record.uri?eid=2-s2.0-85014871167&doi=10.1093%2fbjps%2faxv015&partnerID=40&md5=f6d28f049d4484cfd7c64101bb60b789",""
"Cevolani G.; Schurz G.","Cevolani, Gustavo (40460910700); Schurz, Gerhard (6602897379)","40460910700; 6602897379","Probability, Approximate Truth, and Truthlikeness: More Ways out of the Preface Paradox","2017","Australasian Journal of Philosophy","95","2","","209","225","16","https://www.scopus.com/inward/record.uri?eid=2-s2.0-84989964802&doi=10.1080%2f00048402.2016.1224265&partnerID=40&md5=c6fd60f12a7f4183955629e50d170bc3",""
"Schippers M.","Schippers, Michael (55912689400)","55912689400","The Problem of Coherence and Truth Redux","2016","Erkenntnis","81","4","","817","851","34","https://www.scopus.com/inward/record.uri?eid=2-s2.0-84941686833&doi=10.1007%2fs10670-015-9771-9&partnerID=40&md5=649a91726d18cf9c1e4064e621ef6c6b",""
"Ruta M.; Scioscia F.; Gramegna F.; Ieva S.; Di Sciascio E.; Perez De Vera R.","Ruta, Michele (13609738400); Scioscia, Floriano (23036414100); Gramegna, Filippo (36639335700); Ieva, Saverio (36640004000); Di Sciascio, Eugenio (6603827610); Perez De Vera, Raffaello (57204849397)","13609738400; 23036414100; 36639335700; 36640004000; 6603827610; 57204849397","A knowledge fusion approach for context awareness in vehicular networks","2018","IEEE Internet of Things Journal","5","4","","2407","2419","12","https://www.scopus.com/inward/record.uri?eid=2-s2.0-85043770357&doi=10.1109%2fJIOT.2018.2815009&partnerID=40&md5=d9d429f08bff47889c8f0afb82793179","Data description; Data mining; Inference engines; Information dissemination; Information fusion; Internet of things; Job analysis; Knowledge management; Multi agent systems; Semantic Web; Standards; Cognition; Information dissemination protocols; Logic-based frameworks; Non-monotonic inference; Semantic web languages; Task analysis; Vehicular Adhoc Networks (VANETs); Vehicular networks; Vehicular ad hoc networks"
"Santhosh L.; Chou C.L.; Connor D.M.","Santhosh, Lekshmi (31367566100); Chou, Calvin L. (12762285500); Connor, Denise M. (56911885500)","31367566100; 12762285500; 56911885500","Diagnostic uncertainty: From education to communication","2019","Diagnosis","6","2","","121","126","5","https://www.scopus.com/inward/record.uri?eid=2-s2.0-85082935675&doi=10.1515%2fdx-2018-0088&partnerID=40&md5=01e0624357af021fd74984470dc71a80","adult; conversation; diagnostic accuracy; diagnostic test accuracy study; human; medical education; review; student; uncertainty"
"Dellsén F.","Dellsén, Finnur (57090826400)","57090826400","Scientific progress: Four accounts","2018","Philosophy Compass","13","11","e12525","","","","https://www.scopus.com/inward/record.uri?eid=2-s2.0-85056080005&doi=10.1111%2fphc3.12525&partnerID=40&md5=dd5294403582d551b7b4c52e828d2a27",""
"Cevolani G.","Cevolani, Gustavo (40460910700)","40460910700","Social Epistemology, Debate Dynamics, and Truth Approximation","2015","European Studies in Philosophy of Science","1","","","57","69","12","https://www.scopus.com/inward/record.uri?eid=2-s2.0-85101569424&doi=10.1007%2f978-3-319-23015-3_5&partnerID=40&md5=54956154672f1dbf6615414c7d3e7246",""
"Niiniluoto I.","Niiniluoto, Ilkka (6602584996)","6602584996","Truth-Seeking by Abduction","2018","Synthese Library","400","","","1","177","176","https://www.scopus.com/inward/record.uri?eid=2-s2.0-85114775756&doi=10.1007%2f978-3-319-99157-3_1&partnerID=40&md5=3929cc0df5c7538a7c32b5bc96da8957",""
"Douven I.; Rott H.","Douven, Igor (16401429600); Rott, Hans (7102857298)","16401429600; 7102857298","From probabilities to categorical beliefs: Going beyond toy models","2018","Journal of Logic and Computation","28","6","","1099","1124","25","https://www.scopus.com/inward/record.uri?eid=2-s2.0-85055143432&doi=10.1093%2flogcom%2fexy017&partnerID=40&md5=02a71ce2dd403c37333e41274a9f6012","Computer science; Formal logic; Logic programming; Logical constraints; New solutions; Toy models; Probability"
"Tambolo L.","Tambolo, Luca (54966821700)","54966821700","A Verisimilitudinarian Rebuttal of a Recent Attack Against Realism","2015","European Studies in Philosophy of Science","1","","","17","25","8","https://www.scopus.com/inward/record.uri?eid=2-s2.0-85101539090&doi=10.1007%2f978-3-319-23015-3_2&partnerID=40&md5=2170893448b1d2469beb03db860abf39",""
"Schurz G.","Schurz, Gerhard (6602897379)","6602897379","PHILOSOPHY OF SCIENCE: A Unified Approach","2013","Philosophy of Science: A Unified Approach","","","","1","459","458","https://www.scopus.com/inward/record.uri?eid=2-s2.0-84909081904&doi=10.4324%2f9780203366271&partnerID=40&md5=291ae1e44435d11e977390a730823d19",""
"Betz G.","Betz, Gregor (24330834100)","24330834100","Debate dynamics: How controversy improves our beliefs","2013","Debate Dynamics: How Controversy Improves Our Beliefs","","","","1","251","250","https://www.scopus.com/inward/record.uri?eid=2-s2.0-84876401091&doi=10.1007%2f978-94-007-4599-5&partnerID=40&md5=95c4a52c2c669d9f547b3d9343c2dca2",""
"Cevolani G.","Cevolani, Gustavo (40460910700)","40460910700","Truth approximation, belief merging, and peer disagreement","2014","Synthese","191","11","","2383","2401","18","https://www.scopus.com/inward/record.uri?eid=2-s2.0-84939892376&doi=10.1007%2fs11229-014-0486-2&partnerID=40&md5=eda33d922b31d2dbaebf4b5bc8ee9215",""
"Unterhuber M.; Schurz G.","Unterhuber, Matthias (57210608084); Schurz, Gerhard (6602897379)","57210608084; 6602897379","The new Tweety puzzle: Arguments against monistic Bayesian approaches in epistemology and cognitive science","2013","Synthese","190","8","","1407","1435","28","https://www.scopus.com/inward/record.uri?eid=2-s2.0-84875489813&doi=10.1007%2fs11229-012-0159-y&partnerID=40&md5=1f94d051dd0e23a00201923b839255de",""
"Crupi V.; Nelson J.D.; Meder B.; Cevolani G.; Tentori K.","Crupi, Vincenzo (7005909406); Nelson, Jonathan D. (55169673400); Meder, Björn (24765094800); Cevolani, Gustavo (40460910700); Tentori, Katya (6505965129)","7005909406; 55169673400; 24765094800; 40460910700; 6505965129","Generalized Information Theory Meets Human Cognition: Introducing a Unified Framework to Model Uncertainty and Information Search","2018","Cognitive Science","42","5","","1410","1456","46","https://www.scopus.com/inward/record.uri?eid=2-s2.0-85049977272&doi=10.1111%2fcogs.12613&partnerID=40&md5=82e8936f4072cd7d2f3cc83d7d523583",""
"Niiniluoto I.","Niiniluoto, Ilkka (6602584996)","6602584996","Scientific progress as increasing verisimilitude","2014","Studies in History and Philosophy of Science Part A","46","","","73","77","4","https://www.scopus.com/inward/record.uri?eid=2-s2.0-84901648463&doi=10.1016%2fj.shpsa.2014.02.002&partnerID=40&md5=7227a87a55459eb55cca53470cb6e5d7","Knowledge; Models, Theoretical; Philosophy; Science; article; knowledge; philosophy; science; theoretical model"
"Festa R.; Cevolani G.; Tambolo L.","Festa, Roberto (36745426900); Cevolani, Gustavo (40460910700); Tambolo, Luca (54966821700)","36745426900; 40460910700; 54966821700","A Millian Look at the Logic of Clinical Trials","2020","Boston Studies in the Philosophy and History of Science","338","","","187","210","23","https://www.scopus.com/inward/record.uri?eid=2-s2.0-85101620976&doi=10.1007%2f978-3-030-29179-2_9&partnerID=40&md5=7b8524bd616cacb41ff6bdc14778a085",""
"Schippers M.","Schippers, Michael (55912689400)","55912689400","Coherence and (Likeness to) Truth","2015","European Studies in Philosophy of Science","1","","","3","16","13","https://www.scopus.com/inward/record.uri?eid=2-s2.0-85101577767&doi=10.1007%2f978-3-319-23015-3_1&partnerID=40&md5=820ed4360534d09610a790d9d055df15",""
"Schurz G.","Schurz, Gerhard (6602897379)","6602897379","Impossibility Results for Rational Belief","2019","Nous","53","1","","134","159","25","https://www.scopus.com/inward/record.uri?eid=2-s2.0-85028463899&doi=10.1111%2fnous.12214&partnerID=40&md5=f0f3348ddeb03fa6dafaa2574aa7fcd7",""
"Mandel D.R.","Mandel, David R. (7004886247)","7004886247","The occasional maverick of analytic tradecraft","2020","Intelligence and National Security","35","3","","438","443","5","https://www.scopus.com/inward/record.uri?eid=2-s2.0-85078898445&doi=10.1080%2f02684527.2020.1723830&partnerID=40&md5=23b4d4e760c77cf5c7372aff45ca48f9",""
"Kuipers T.","Kuipers, Theo (16413282100)","16413282100","Quantitative Nomic Truth Approximation by Revising Models and Postulates","2017","European Studies in Philosophy of Science","5","","","309","320","11","https://www.scopus.com/inward/record.uri?eid=2-s2.0-85083620251&doi=10.1007%2f978-3-319-53730-6_25&partnerID=40&md5=c1256d0d661cea7bc7b1fca6ac790951",""
"Jackson E.G.","Jackson, Elizabeth G. (57202754665)","57202754665","The relationship between belief and credence","2020","Philosophy Compass","15","6","e12668","","","","https://www.scopus.com/inward/record.uri?eid=2-s2.0-85083668033&doi=10.1111%2fphc3.12668&partnerID=40&md5=eeb7c83ab50c670ed4def5c19e388999",""
"Fumagalli R.","Fumagalli, Roberto (36129491900)","36129491900","Who is afraid of scientific imperialism?","2018","Synthese","195","9","","4125","4146","21","https://www.scopus.com/inward/record.uri?eid=2-s2.0-85018948244&doi=10.1007%2fs11229-017-1411-2&partnerID=40&md5=22e288faf3894aab26f64743f2208080",""
"Feldbacher-Escamilla C.J.; Gebharter A.; Brössel P.; Werning M.","Feldbacher-Escamilla, Christian J. (57192195716); Gebharter, Alexander (55237677100); Brössel, Peter (55119276000); Werning, Markus (6507035033)","57192195716; 55237677100; 55119276000; 6507035033","Introduction to the special issue “Logical perspectives on science and cognition”","2020","Synthese","197","4","","1381","1390","9","https://www.scopus.com/inward/record.uri?eid=2-s2.0-85069450855&doi=10.1007%2fs11229-019-02334-2&partnerID=40&md5=d69697253ead95445ecc1fb8769a829c",""
